MAC,SSID,AuthMode,FirstSeen,Channel,Frequency,RSSI,CurrentLatitude,CurrentLongitude,AltitudeMeters,AccuracyMeters,RCOIs,MfgrId,Type
5c:b1:3e:c8:dc:ac,TOTALPLAY_C8DCAC,WPA2_PSK,25/11/2025 08:46,6,2437,-67,19.537527,-96.915573,1428.839966,1.5,,,WIFI
4a:b2:5d:bd:26:d4,Mega-2.4G-24AD,WPA2_PSK,25/11/2025 08:46,4,2427,-68,19.537527,-96.915573,1428.839966,1.5,,,WIFI
f8:79:28:e5:95:8a,Mega_2.4G_958A,WPA2_PSK,25/11/2025 08:46,8,2447,-69,19.537527,-96.915573,1428.839966,1.5,,,WIFI
f4:79:60:21:af:70,Totalplay-709S_2.4Gnormal,WPA2_PSK,25/11/2025 08:46,2,2417,-70,19.537527,-96.915573,1428.839966,1.5,,,WIFI
08:f6:06:c5:19:84,Megacable_2.4G_1984,WPA_WPA2_PSK,25/11/2025 08:46,9,2452,-72,19.537527,-96.915573,1428.839966,1.5,,,WIFI
a0:4e:6b:a9:00:78,INFINITUMD814-EXT,WPA2_PSK,25/11/2025 08:46,11,2462,-73,19.537527,-96.915573,1428.839966,1.5,,,WIFI
10:08:1d:2b:ee:08,Totalplay-2.4G-ee08,WPA2_PSK,25/11/2025 08:46,1,2412,-74,19.537527,-96.915573,1428.839966,1.5,,,WIFI
3c:93:f4:bd:67:d4,INFINITUM90B1,WPA2_PSK,25/11/2025 08:46,6,2437,-75,19.537527,-96.915573,1428.839966,1.5,,,WIFI
1e:7f:6f:c3:6e:d1,Galaxy A16 Kenia,WPA2_PSK,25/11/2025 08:46,6,2437,-78,19.537527,-96.915573,1428.839966,1.5,,,WIFI
0c:67:14:a6:9d:74,INFINITUM3824,WPA2_PSK,25/11/2025 08:46,6,2437,-81,19.537527,-96.915573,1428.839966,1.5,,,WIFI
ae:99:29:4d:7a:20,Mega-2.4G-57AD,WPA2_WPA3_PSK,25/11/2025 08:46,11,2462,-81,19.537527,-96.915573,1428.839966,1.5,,,WIFI
64:db:f7:92:a3:a9,Megacable-A3A0,WPA2_PSK,25/11/2025 08:46,1,2412,-82,19.537527,-96.915573,1428.839966,1.5,,,WIFI
84:3c:99:af:57:6b,Mega_2.4G_576B,WPA_WPA2_PSK,25/11/2025 08:46,3,2422,-82,19.537527,-96.915573,1428.839966,1.5,,,WIFI
d4:01:68:a4:e9:89,Club_Totalplay_WiFi,OPEN,25/11/2025 08:46,11,2462,-84,19.537527,-96.915573,1428.839966,1.5,,,WIFI
f8:79:28:eb:bf:18,Mega_2.4G_BF18,WPA2_PSK,25/11/2025 08:46,7,2442,-87,19.537527,-96.915573,1428.839966,1.5,,,WIFI
14:eb:b6:b1:a4:34,aline,WPA_WPA2_PSK,25/11/2025 08:46,8,2447,-87,19.537527,-96.915573,1428.839966,1.5,,,WIFI
08:f6:06:c4:e8:e8,Megacable_2.4G_E8E8,WPA_WPA2_PSK,25/11/2025 08:46,6,2437,-92,19.537527,-96.915573,1428.839966,1.5,,,WIFI
60:ce:86:86:20:90,F0203,WPA2_PSK,25/11/2025 08:46,11,2462,-76,19.537539,-96.915558,1425.040039,1.5,,,WIFI
c0:56:27:89:99:fb,Mega-2.4G-57AD,WPA2_PSK,25/11/2025 08:46,11,2462,-83,19.537539,-96.915558,1425.040039,1.5,,,WIFI
64:db:f7:22:2e:f9,Megacable-2EF0,WPA2_PSK,25/11/2025 08:46,1,2412,-84,19.537539,-96.915558,1425.040039,1.5,,,WIFI
0c:73:29:6f:05:04,INFINITUM105B,WPA2_PSK,25/11/2025 08:46,11,2462,-76,19.537539,-96.915558,1425.040039,1.5,,,WIFI
dc:8d:b7:2c:c7:60,INFINITUM3F5F,WPA2_PSK,25/11/2025 08:46,9,2452,-89,19.537539,-96.915558,1425.040039,1.5,,,WIFI
50:0f:f5:88:b0:40,CAFE,WPA_WPA2_PSK,25/11/2025 08:46,6,2437,-91,19.537539,-96.915558,1425.040039,1.5,,,WIFI
04:a2:22:49:45:4e,INFINITUM37C3_2.4,WPA2_PSK,25/11/2025 08:46,2,2417,-74,19.537569,-96.915627,1425.719971,1.5,,,WIFI
b2:a4:f0:4a:e5:f0,Totalplay-FDB5,WPA2_PSK,25/11/2025 08:46,10,2457,-78,19.537569,-96.915627,1425.719971,1.5,,,WIFI
a8:e8:1e:95:98:10,INFINITUM2CD8,WPA2_PSK,25/11/2025 08:46,11,2462,-87,19.537569,-96.915627,1425.719971,1.5,,,WIFI
f8:d1:11:23:41:bc,CEOA,WPA_PSK,25/11/2025 08:46,9,2452,-89,19.537569,-96.915627,1425.719971,1.5,,,WIFI
10:32:1d:7c:8d:90,INFINITUMF3B1,WPA2_PSK,25/11/2025 08:46,6,2437,-69,19.537647,-96.915771,1428.070068,1.5,,,WIFI
e0:0c:e5:6d:c8:10,INFINITUM6EAC,WPA2_PSK,25/11/2025 08:46,6,2437,-81,19.537647,-96.915771,1428.070068,1.5,,,WIFI
d8:37:be:a5:86:27,INFINITUM8F2A,WPA2_PSK,25/11/2025 08:46,11,2462,-82,19.537647,-96.915771,1428.070068,1.5,,,WIFI
a0:95:7f:fd:42:64,INFINITUMOMEGA,WPA2_PSK,25/11/2025 08:46,11,2462,-85,19.537647,-96.915771,1428.070068,1.5,,,WIFI
54:9f:06:6a:2f:a9,Megacable-2FA0,WPA2_PSK,25/11/2025 08:46,1,2412,-88,19.537647,-96.915771,1428.070068,1.5,,,WIFI
6c:d8:19:6b:df:31,Club_Totalplay_WiFi,OPEN,25/11/2025 08:46,1,2412,-91,19.537647,-96.915771,1428.070068,1.5,,,WIFI
18:9e:2c:b8:ac:1c,Blinders,WPA2_PSK,25/11/2025 08:46,6,2437,-92,19.537647,-96.915771,1428.070068,1.5,,,WIFI
84:3c:99:b0:92:3b,Mega_2.4G_923B,WPA_WPA2_PSK,25/11/2025 08:46,8,2447,-92,19.537647,-96.915771,1428.070068,1.5,,,WIFI
c4:44:7d:e3:5d:b3,Club_Totalplay_WiFi,OPEN,25/11/2025 08:46,5,2432,-59,19.537775,-96.916016,1426.680054,1.5,,,WIFI
e8:d7:65:74:f9:2c,MEGACABLE-F926,WPA_WPA2_PSK,25/11/2025 08:46,10,2457,-74,19.537775,-96.916016,1426.680054,1.5,,,WIFI
74:e9:bf:01:6a:58,Totalplay-EDAA,WPA2_PSK,25/11/2025 08:46,9,2452,-75,19.537775,-96.916016,1426.680054,1.5,,,WIFI
84:3c:99:ae:55:8f,Mega_2.4G_558F,WPA_WPA2_PSK,25/11/2025 08:46,11,2462,-76,19.537775,-96.916016,1426.680054,1.5,,,WIFI
54:9f:06:5e:f4:59,Megacable-F450,WPA2_PSK,25/11/2025 08:46,1,2412,-78,19.537775,-96.916016,1426.680054,1.5,,,WIFI
c4:44:7d:e3:5d:b0,Baticueva_2.4G,WPA_WPA2_PSK,25/11/2025 08:46,5,2432,-79,19.537775,-96.916016,1426.680054,1.5,,,WIFI
40:0e:f3:8a:d1:78,Mega_2.4G_D178,WPA2_PSK,25/11/2025 08:46,3,2422,-80,19.537775,-96.916016,1426.680054,1.5,,,WIFI
30:ff:f6:3c:60:94,robot_6094,WPA2_PSK,25/11/2025 08:46,6,2437,-80,19.537775,-96.916016,1426.680054,1.5,,,WIFI
c2:18:03:58:9b:ca,DIRECT-ca-HP M111 LaserJet,WPA2_PSK,25/11/2025 08:46,6,2437,-87,19.537775,-96.916016,1426.680054,1.5,,,WIFI
b0:ec:dd:c6:06:35,Club_Totalplay_WiFi,OPEN,25/11/2025 08:46,9,2452,-89,19.537775,-96.916016,1426.680054,1.5,,,WIFI
20:5e:0d:3b:9b:51,Totalplay-2.4G-9B50,WPA_WPA2_PSK,25/11/2025 08:46,11,2462,-89,19.537775,-96.916016,1426.680054,1.5,,,WIFI
ec:8c:a2:28:c4:a9,*.WifiFree TVCD.*,OPEN,25/11/2025 08:46,2,2417,-91,19.537775,-96.916016,1426.680054,1.5,,,WIFI
1e:7f:6f:c3:6e:d1,Galaxy A16 Kenia,WPA2_PSK,25/11/2025 08:46,6,2437,-81,19.537878,-96.916214,1424.099976,1.5,,,WIFI
40:0e:f3:8b:47:bc,Mega_2.4G_47BC,WPA2_PSK,25/11/2025 08:46,7,2442,-61,19.537975,-96.916344,1423.280029,1.5,,,WIFI
a0:95:7f:fd:36:34,INFINITUM6950,WPA2_PSK,25/11/2025 08:46,11,2462,-65,19.537975,-96.916344,1423.280029,1.5,,,WIFI
10:08:1d:2a:14:81,Club_Totalplay_WiFi,OPEN,25/11/2025 08:46,1,2412,-66,19.537975,-96.916344,1423.280029,1.5,,,WIFI
c2:a5:11:c2:6f:06,ORBI89,WPA2_PSK,25/11/2025 08:46,3,2422,-70,19.537975,-96.916344,1423.280029,1.5,,,WIFI
02:1d:aa:8b:26:90,x24_SSP,WPA_WPA2_PSK,25/11/2025 08:46,3,2422,-71,19.537975,-96.916344,1423.280029,1.5,,,WIFI
00:1d:aa:8b:26:90,x24,WPA_WPA2_PSK,25/11/2025 08:46,3,2422,-73,19.537975,-96.916344,1423.280029,1.5,,,WIFI
7e:00:4d:a9:dc:5c,Mega-2.4G-ABAD,WPA2_WPA3_PSK,25/11/2025 08:46,8,2447,-79,19.537975,-96.916344,1423.280029,1.5,,,WIFI
d4:01:68:a6:e5:61,Club_Totalplay_WiFi,OPEN,25/11/2025 08:46,11,2462,-85,19.537975,-96.916344,1423.280029,1.5,,,WIFI
20:65:8e:80:ef:44,Totalplay-3C11_2.4Gnormal,WPA2_PSK,25/11/2025 08:47,6,2437,-76,19.538097,-96.91655,1425.219971,1.5,,,WIFI
dc:8d:b7:f1:b6:00,INFINITUMB687,WPA2_PSK,25/11/2025 08:47,9,2452,-82,19.538097,-96.91655,1425.219971,1.5,,,WIFI
ec:8c:a2:68:c4:a8,*.MegacableWiFi.*,OPEN,25/11/2025 08:47,2,2417,-84,19.538097,-96.91655,1425.219971,1.5,,,WIFI
30:c5:0f:6f:32:f0,CFE Internet,OPEN,25/11/2025 08:47,6,2437,-84,19.538097,-96.91655,1425.219971,1.5,,,WIFI
a0:95:7f:fd:4e:74,INFINITUM6AD4,WPA2_PSK,25/11/2025 08:47,11,2462,-63,19.538198,-96.916748,1428.810059,1.5,,,WIFI
f4:f6:47:c4:96:5c,Megacable_2.4G_965C,WPA_WPA2_PSK,25/11/2025 08:47,8,2447,-67,19.538198,-96.916748,1428.810059,1.5,,,WIFI
48:96:d9:a3:38:63,Mega_2.4G_3863,WPA2_PSK,25/11/2025 08:47,9,2452,-71,19.538198,-96.916748,1428.810059,1.5,,,WIFI
f4:f6:47:c7:c1:c4,Megacable_2.4G_C1C4,WPA_WPA2_PSK,25/11/2025 08:47,11,2462,-73,19.538198,-96.916748,1428.810059,1.5,,,WIFI
c4:a4:02:67:56:80,MariluMn_2.4Gnormal,WPA2_PSK,25/11/2025 08:47,2,2417,-74,19.538198,-96.916748,1428.810059,1.5,,,WIFI
c4:44:7d:78:91:b8,INFINITUMF3A2_2.4,WPA2_PSK,25/11/2025 08:47,4,2427,-79,19.538198,-96.916748,1428.810059,1.5,,,WIFI
a4:00:e2:ce:16:74,MEGACABLE-479F,WPA2_PSK,25/11/2025 08:47,3,2422,-80,19.538198,-96.916748,1428.810059,1.5,,,WIFI
98:03:8e:09:4b:a2,SARABIA PLANTA ALTA,WPA2_PSK,25/11/2025 08:47,10,2457,-82,19.538198,-96.916748,1428.810059,1.5,,,WIFI
d4:01:68:ae:97:81,Club_Totalplay_WiFi,OPEN,25/11/2025 08:47,11,2462,-84,19.538198,-96.916748,1428.810059,1.5,,,WIFI
30:e9:8e:6d:74:a8,YakAdventure,WPA2_PSK,25/11/2025 08:47,9,2452,-88,19.538198,-96.916748,1428.810059,1.5,,,WIFI
04:8c:16:1f:5c:08,INFINITUM1AA4_2.4,WPA2_PSK,25/11/2025 08:47,9,2452,-92,19.538198,-96.916748,1428.810059,1.5,,,WIFI
38:eb:47:75:62:7b,Club_Totalplay_WiFi,OPEN,25/11/2025 08:47,4,2427,-72,19.538309,-96.916962,1430.01001,1.5,,,WIFI
a8:54:a2:22:0b:30,INFINITUM5BD1,WPA2_PSK,25/11/2025 08:47,11,2462,-75,19.538309,-96.916962,1430.01001,1.5,,,WIFI
14:6b:9c:16:4d:27,MV28155756,OPEN,25/11/2025 08:47,6,2437,-78,19.538309,-96.916962,1430.01001,1.5,,,WIFI
f4:23:9c:97:57:24,INFINITUM550B,WPA2_PSK,25/11/2025 08:47,6,2437,-79,19.538309,-96.916962,1430.01001,1.5,,,WIFI
d8:32:14:12:13:40,cea2,WPA_WPA2_PSK,25/11/2025 08:47,7,2442,-81,19.538309,-96.916962,1430.01001,1.5,,,WIFI
38:eb:47:75:62:78,Totalplay-0AA3,WPA2_PSK,25/11/2025 08:47,4,2427,-84,19.538309,-96.916962,1430.01001,1.5,,,WIFI
c8:4c:78:27:1d:f2,INFINITUM958F,WPA2_PSK,25/11/2025 08:47,11,2462,-90,19.538309,-96.916962,1430.01001,1.5,,,WIFI
ec:8c:a2:28:c4:a8,..izzi WiFi,OPEN,25/11/2025 08:47,2,2417,-62,19.53841,-96.917168,1430.160034,1.5,,,WIFI
ec:8c:a2:28:c4:a9,*.WifiFree TVCD.*,OPEN,25/11/2025 08:47,2,2417,-62,19.53841,-96.917168,1430.160034,1.5,,,WIFI
ec:8c:a2:68:c4:a9,*.HyundaiHerramientas.*,OPEN,25/11/2025 08:47,2,2417,-62,19.53841,-96.917168,1430.160034,1.5,,,WIFI
f4:23:9c:97:65:34,INFINITUM55EC,WPA2_PSK,25/11/2025 08:47,6,2437,-65,19.53841,-96.917168,1430.160034,1.5,,,WIFI
a0:95:7f:fd:4c:34,INFINITUM6AB0,WPA2_PSK,25/11/2025 08:47,1,2412,-69,19.53841,-96.917168,1430.160034,1.5,,,WIFI
8c:68:3a:9c:90:49,RedBlocks-2.4G,WPA2_PSK,25/11/2025 08:47,4,2427,-78,19.53841,-96.917168,1430.160034,1.5,,,WIFI
dc:8d:b7:44:1b:c0,INFINITUM04DD,WPA2_PSK,25/11/2025 08:47,1,2412,-81,19.53841,-96.917168,1430.160034,1.5,,,WIFI
42:71:a1:61:a6:a7,moto g(8)_9404,WPA2_WPA3_PSK,25/11/2025 08:47,2,2417,-89,19.53841,-96.917168,1430.160034,1.5,,,WIFI
e8:65:d4:ee:79:70,Tenda_EE7970,WPA_PSK,25/11/2025 08:47,3,2422,-89,19.53841,-96.917168,1430.160034,1.5,,,WIFI
1e:7f:6f:c3:6e:d1,Galaxy A16 Kenia,WPA2_PSK,25/11/2025 08:47,6,2437,-64,19.538458,-96.917267,1429.880005,1.5,,,WIFI
8c:68:3a:2b:7a:78,MEGACABLE-2.4G-7DA3,WPA2_PSK,25/11/2025 08:47,9,2452,-75,19.538458,-96.917267,1429.880005,1.5,,,WIFI
30:fd:65:f1:8c:94,INFINITUMCFA2_2.4,WPA2_PSK,25/11/2025 08:47,4,2427,-80,19.538458,-96.917267,1429.880005,1.5,,,WIFI
e8:13:6e:d4:3e:78,MEGACABLE-2.4G-3BA6,WPA2_PSK,25/11/2025 08:47,9,2452,-83,19.538458,-96.917267,1429.880005,1.5,,,WIFI
a0:95:7f:fd:34:84,INFINITUM6935,WPA2_PSK,25/11/2025 08:47,6,2437,-86,19.538458,-96.917267,1429.880005,1.5,,,WIFI
64:9d:f3:18:92:d0,Totalplay-2.4G-92d0,WPA2_PSK,25/11/2025 08:47,6,2437,-88,19.538458,-96.917267,1429.880005,1.5,,,WIFI
00:54:af:fd:70:01,Hotspot7001,WPA_WPA2_PSK,25/11/2025 08:47,13,2472,-89,19.538458,-96.917267,1429.880005,1.5,,,WIFI
8c:fd:de:df:f4:da,TOTALPLAY_DFF4DA,WPA_WPA2_PSK,25/11/2025 08:47,11,2462,-74,19.538536,-96.917381,1428.550049,1.5,,,WIFI
54:9f:06:60:e7:d9,Megacable-E7D0,WPA2_PSK,25/11/2025 08:47,1,2412,-77,19.538536,-96.917381,1428.550049,1.5,,,WIFI
80:3f:5d:9a:22:a9,STEREN COM-818,OPEN,25/11/2025 08:47,11,2462,-78,19.538536,-96.917381,1428.550049,1.5,,,WIFI
60:38:e0:12:2e:02,Net191xa,WPA_WPA2_PSK,25/11/2025 08:47,10,2457,-80,19.538536,-96.917381,1428.550049,1.5,,,WIFI
3a:1a:52:eb:f0:6c,DIRECT-cu-EPSON-L5290 Series,WPA2_PSK,25/11/2025 08:47,11,2462,-90,19.538536,-96.917381,1428.550049,1.5,,,WIFI
98:25:4a:91:33:82,INFINITUM98BF_2.4,WPA2_PSK,25/11/2025 08:47,1,2412,-92,19.538536,-96.917381,1428.550049,1.5,,,WIFI
c4:47:3f:36:ca:88,Totalplay-7960,WPA_WPA2_PSK,25/11/2025 08:47,8,2447,-92,19.538536,-96.917381,1428.550049,1.5,,,WIFI
ec:8c:a2:68:c4:a8,*.MegacableWiFi.*,OPEN,25/11/2025 08:47,2,2417,-47,19.538572,-96.917496,1432.670044,1.5,,,WIFI
e2:55:a8:08:64:a0,BBVA MEX,WPA2_PSK,25/11/2025 08:47,11,2462,-70,19.538572,-96.917496,1432.670044,1.5,,,WIFI
e4:55:a8:08:64:a0,BBVA_INVITADOS,WPA2_PSK,25/11/2025 08:47,11,2462,-71,19.538572,-96.917496,1432.670044,1.5,,,WIFI
cc:2d:21:49:ab:91,Wifiluis,WPA_WPA2_PSK,25/11/2025 08:47,11,2462,-75,19.538572,-96.917496,1432.670044,1.5,,,WIFI
ec:8c:a2:68:7f:b9,*.HyundaiHerramientas.*,OPEN,25/11/2025 08:47,5,2432,-77,19.538572,-96.917496,1432.670044,1.5,,,WIFI
ec:8c:a2:68:7f:b8,*.MegacableWiFi.*,OPEN,25/11/2025 08:47,5,2432,-78,19.538572,-96.917496,1432.670044,1.5,,,WIFI
ec:8c:a2:28:7f:b9,*.WifiFree TVCD.*,OPEN,25/11/2025 08:47,5,2432,-79,19.538572,-96.917496,1432.670044,1.5,,,WIFI
f8:aa:3f:01:39:84,INFINITUMAE85,WPA2_PSK,25/11/2025 08:47,6,2437,-79,19.538572,-96.917496,1432.670044,1.5,,,WIFI
e0:a1:ce:b8:c2:98,INFINITUM5467,WPA2_PSK,25/11/2025 08:47,11,2462,-79,19.538572,-96.917496,1432.670044,1.5,,,WIFI
2c:0b:ab:90:21:7c,INFINITUMAAB5,WPA2_PSK,25/11/2025 08:47,1,2412,-81,19.538572,-96.917496,1432.670044,1.5,,,WIFI
ec:8c:a2:28:7f:b8,..izzi WiFi,OPEN,25/11/2025 08:47,5,2432,-70,19.538691,-96.917694,1432.589966,1.5,,,WIFI
d8:47:32:fd:99:60,TotalPlay-BF4C_EXT,WPA_WPA2_PSK,25/11/2025 08:47,8,2447,-73,19.538691,-96.917694,1432.589966,1.5,,,WIFI
dc:4a:9e:d6:32:48,ANANDA,WPA_PSK,25/11/2025 08:47,3,2422,-77,19.538691,-96.917694,1432.589966,1.5,,,WIFI
a0:f3:c1:dd:a3:d1,TP-LINK,WPA_WPA2_PSK,25/11/2025 08:47,5,2432,-90,19.538691,-96.917694,1432.589966,1.5,,,WIFI
a8:54:a2:21:de:30,INFINITUM5631,WPA2_PSK,25/11/2025 08:47,6,2437,-69,19.538828,-96.917923,1433.349976,1.5,,,WIFI
fc:1b:d1:58:a1:40,MEGACABLE-2.4G-8FA3,WPA2_PSK,25/11/2025 08:47,4,2427,-70,19.538828,-96.917923,1433.349976,1.5,,,WIFI
42:ae:30:f7:6e:2f,Vialy,WPA2_PSK,25/11/2025 08:47,9,2452,-74,19.538828,-96.917923,1433.349976,1.5,,,WIFI
f8:64:b8:dd:bf:4c,TotalPlay-BF4C,WPA_WPA2_PSK,25/11/2025 08:47,8,2447,-75,19.538828,-96.917923,1433.349976,1.5,,,WIFI
fa:64:b8:fd:bf:4c,Club_Totalplay_WiFi,OPEN,25/11/2025 08:47,8,2447,-75,19.538828,-96.917923,1433.349976,1.5,,,WIFI
e8:65:d4:5f:36:a9,VodderXalapa,WPA_WPA2_PSK,25/11/2025 08:47,11,2462,-88,19.538828,-96.917923,1433.349976,1.5,,,WIFI
c8:4c:78:27:14:aa,INFINITUM9403,WPA2_PSK,25/11/2025 08:47,11,2462,-90,19.538828,-96.917923,1433.349976,1.5,,,WIFI
ec:8c:a2:28:c4:a9,*.WifiFree TVCD.*,OPEN,25/11/2025 08:47,2,2417,-62,19.538946,-96.918098,1433.900024,1.5,,,WIFI
ec:8c:a2:68:c4:a9,*.HyundaiHerramientas.*,OPEN,25/11/2025 08:47,2,2417,-62,19.538946,-96.918098,1433.900024,1.5,,,WIFI
ec:8c:a2:28:c4:a8,..izzi WiFi,OPEN,25/11/2025 08:47,2,2417,-63,19.538946,-96.918098,1433.900024,1.5,,,WIFI
40:ae:30:f7:6e:2f,Vialy,WPA2_PSK,25/11/2025 08:47,9,2452,-67,19.539059,-96.918282,1432.150024,1.5,,,WIFI
44:a3:c7:ef:96:b4,INFINITUM1D8B,WPA2_PSK,25/11/2025 08:47,11,2462,-69,19.539059,-96.918282,1432.150024,1.5,,,WIFI
f0:09:0d:a6:9b:8e,Vialy-Cam,WPA2_PSK,25/11/2025 08:47,3,2422,-76,19.539059,-96.918282,1432.150024,1.5,,,WIFI
28:6f:b9:9e:e4:69,INFINITUMBDF3,WPA2_PSK,25/11/2025 08:47,11,2462,-76,19.539059,-96.918282,1432.150024,1.5,,,WIFI
00:54:af:fd:70:01,Hotspot7001,WPA_WPA2_PSK,25/11/2025 08:47,13,2472,-84,19.539059,-96.918282,1432.150024,1.5,,,WIFI
a8:49:4d:08:e8:ff,Club_Totalplay_WiFi,OPEN,25/11/2025 08:47,2,2417,-86,19.539059,-96.918282,1432.150024,1.5,,,WIFI
20:5e:0d:39:3e:a1,Totalplay-2.4G-3EA0,WPA_WPA2_PSK,25/11/2025 08:47,10,2457,-86,19.539059,-96.918282,1432.150024,1.5,,,WIFI
e0:61:4a:d8:84:51,Totalplay-2.4G-8450,WPA_WPA2_PSK,25/11/2025 08:47,1,2412,-87,19.539059,-96.918282,1432.150024,1.5,,,WIFI
bc:76:c5:38:fc:4c,Totalplay-01A8,WPA2_PSK,25/11/2025 08:47,8,2447,-72,19.539106,-96.918343,1433.969971,1.5,,,WIFI
e8:65:d4:5f:36:aa,Odontología ,WPA2_PSK,25/11/2025 08:47,11,2462,-78,19.539106,-96.918343,1433.969971,1.5,,,WIFI
ac:60:6f:b5:8c:09,INFINITUMAA7B,WPA2_PSK,25/11/2025 08:47,6,2437,-81,19.539106,-96.918343,1433.969971,1.5,,,WIFI
d4:01:c3:21:d4:bd,Transfer,WPA_WPA2_PSK,25/11/2025 08:47,1,2412,-84,19.539106,-96.918343,1433.969971,1.5,,,WIFI
90:3f:ea:d1:cf:58,Totalplay-D29F,WPA2_PSK,25/11/2025 08:47,8,2447,-84,19.539106,-96.918343,1433.969971,1.5,,,WIFI
8c:fd:de:df:f4:da,TOTALPLAY_DFF4DA,WPA_WPA2_PSK,25/11/2025 08:47,11,2462,-87,19.539106,-96.918343,1433.969971,1.5,,,WIFI
ec:8c:a2:68:7f:b8,*.MegacableWiFi.*,OPEN,25/11/2025 08:48,5,2432,-60,19.539106,-96.918343,1433.969971,1.5,,,WIFI
ec:8c:a2:28:7f:b8,..izzi WiFi,OPEN,25/11/2025 08:48,5,2432,-61,19.539106,-96.918343,1433.969971,1.5,,,WIFI
ec:8c:a2:28:7f:b9,*.WifiFree TVCD.*,OPEN,25/11/2025 08:48,5,2432,-66,19.539106,-96.918343,1433.969971,1.5,,,WIFI
ec:8c:a2:68:7f:b9,*.HyundaiHerramientas.*,OPEN,25/11/2025 08:48,5,2432,-66,19.539106,-96.918343,1433.969971,1.5,,,WIFI
ec:8c:a2:68:c4:a8,*.MegacableWiFi.*,OPEN,25/11/2025 08:48,2,2417,-71,19.539106,-96.918343,1433.969971,1.5,,,WIFI
e8:65:d4:5f:36:b1,VodderXalapa,WPA_WPA2_PSK,25/11/2025 08:48,6,2437,-72,19.539106,-96.918343,1433.969971,1.5,,,WIFI
30:c5:0f:6e:f7:30,CFE Internet,OPEN,25/11/2025 08:48,1,2412,-73,19.539106,-96.918343,1433.969971,1.5,,,WIFI
50:02:38:1c:13:29,INFINITUM45F2,WPA2_PSK,25/11/2025 08:48,11,2462,-77,19.539106,-96.918343,1433.969971,1.5,,,WIFI
c8:4c:78:27:14:aa,INFINITUM9403,WPA2_PSK,25/11/2025 08:48,11,2462,-81,19.539248,-96.918503,1434.01001,1.5,,,WIFI
e8:65:d4:5f:36:b2,Odontología ,WPA2_PSK,25/11/2025 08:48,6,2437,-86,19.539248,-96.918503,1434.01001,1.5,,,WIFI
42:ae:30:f7:6e:2f,Vialy,WPA2_PSK,25/11/2025 08:48,9,2452,-86,19.539248,-96.918503,1434.01001,1.5,,,WIFI
30:e9:8e:b9:36:54,MEGACABLE-F0A1,WPA2_PSK,25/11/2025 08:48,8,2447,-88,19.539248,-96.918503,1434.01001,1.5,,,WIFI
14:8c:4a:58:a4:c0,INFINITUM7AAF,WPA2_PSK,25/11/2025 08:48,11,2462,-90,19.539248,-96.918503,1434.01001,1.5,,,WIFI
e0:a1:ce:b8:c2:98,INFINITUM5467,WPA2_PSK,25/11/2025 08:48,11,2462,-92,19.539248,-96.918503,1434.01001,1.5,,,WIFI
56:4e:89:1c:6d:d1,OPPO A12,WPA2_PSK,25/11/2025 08:48,7,2442,-71,19.539375,-96.918587,1434.060059,1.5,,,WIFI
18:e8:29:5a:b1:16,Americas3,WPA2_PSK,25/11/2025 08:48,11,2462,-72,19.539375,-96.918587,1434.060059,1.5,,,WIFI
18:e8:29:17:ab:c8,Americas3,WPA2_PSK,25/11/2025 08:48,11,2462,-72,19.539375,-96.918587,1434.060059,1.5,,,WIFI
6e:71:d2:06:73:00,Mega-2.4G-4FB1,WPA2_WPA3_PSK,25/11/2025 08:48,1,2412,-75,19.539375,-96.918587,1434.060059,1.5,,,WIFI
90:9a:4a:c1:9c:4b,Totalplay-2.4G-0fa0,WPA2_PSK,25/11/2025 08:48,1,2412,-76,19.539375,-96.918587,1434.060059,1.5,,,WIFI
ec:8c:a2:28:c4:a9,*.WifiFree TVCD.*,OPEN,25/11/2025 08:48,2,2417,-77,19.539375,-96.918587,1434.060059,1.5,,,WIFI
10:08:1d:c1:0f:a0,Totalplay-2.4G-0fa0,WPA2_PSK,25/11/2025 08:48,1,2412,-78,19.539375,-96.918587,1434.060059,1.5,,,WIFI
e8:f6:54:b8:f7:78,INFINITUM22AE,WPA2_PSK,25/11/2025 08:48,11,2462,-84,19.539375,-96.918587,1434.060059,1.5,,,WIFI
94:10:3e:89:96:42,DEFENSORIA,WPA2_PSK,25/11/2025 08:48,7,2442,-89,19.539375,-96.918587,1434.060059,1.5,,,WIFI
4a:12:58:5c:c4:54,Mega-2.4G-AFAD,WPA2_WPA3_PSK,25/11/2025 08:48,7,2442,-71,19.539415,-96.918617,1434.099976,1.5,,,WIFI
94:10:3e:89:98:d0,DIRECCION,WPA2_PSK,25/11/2025 08:48,3,2422,-80,19.539415,-96.918617,1434.099976,1.5,,,WIFI
78:c5:7d:c1:a1:11,INFINITUM30B5,WPA2_PSK,25/11/2025 08:48,6,2437,-81,19.539415,-96.918617,1434.099976,1.5,,,WIFI
a8:e8:1e:d6:f0:40,INFINITUME056,WPA2_PSK,25/11/2025 08:48,9,2452,-81,19.539415,-96.918617,1434.099976,1.5,,,WIFI
44:a3:c7:ef:96:b4,INFINITUM1D8B,WPA2_PSK,25/11/2025 08:48,11,2462,-85,19.539415,-96.918617,1434.099976,1.5,,,WIFI
d4:01:68:a3:d4:50,Totalplay-2.4G-d450,WPA2_PSK,25/11/2025 08:48,6,2437,-88,19.539415,-96.918617,1434.099976,1.5,,,WIFI
d4:01:68:a3:d4:51,Club_Totalplay_WiFi,OPEN,25/11/2025 08:48,6,2437,-89,19.539415,-96.918617,1434.099976,1.5,,,WIFI
28:6f:b9:9e:e4:69,INFINITUMBDF3,WPA2_PSK,25/11/2025 08:48,11,2462,-92,19.539415,-96.918617,1434.099976,1.5,,,WIFI
e0:a1:ce:97:73:bc,INFINITUMD54C,WPA2_PSK,25/11/2025 08:48,11,2462,-94,19.539415,-96.918617,1434.099976,1.5,,,WIFI
50:0f:f5:1a:d5:a1,MotobikeXalapa,WPA_WPA2_PSK,25/11/2025 08:48,2,2417,-72,19.539665,-96.918602,1434.359985,1.5,,,WIFI
c4:44:7d:78:9a:f4,INFINITUM7EA2_2.4,WPA2_PSK,25/11/2025 08:48,5,2432,-78,19.539665,-96.918602,1434.359985,1.5,,,WIFI
ec:8c:a2:28:c4:a9,*.WifiFree TVCD.*,OPEN,25/11/2025 08:48,2,2417,-80,19.539665,-96.918602,1434.359985,1.5,,,WIFI
bc:47:32:42:dd:c8,Totalplay-2.4G-ddc8,WPA2_PSK,25/11/2025 08:48,11,2462,-72,19.539701,-96.918671,1434.410034,1.5,,,WIFI
30:e9:8e:bd:2c:a0,MEGACABLE-9AA1,WPA2_PSK,25/11/2025 08:48,7,2442,-82,19.539701,-96.918671,1434.410034,1.5,,,WIFI
58:d3:12:95:bf:e6,Mega_2.4G_BFE6,WPA_WPA2_PSK,25/11/2025 08:48,8,2447,-85,19.539701,-96.918671,1434.410034,1.5,,,WIFI
a8:42:a1:eb:ac:fc,INFINITUM1E22_EXT,WPA2_PSK,25/11/2025 08:48,6,2437,-90,19.539701,-96.918671,1434.410034,1.5,,,WIFI
ec:a1:d1:88:0f:97,Club_Totalplay_WiFi,OPEN,25/11/2025 08:48,8,2447,-80,19.539766,-96.918732,1434.5,1.5,,,WIFI
50:c7:bf:7c:28:b6,TP-LINK_28B6,WPA_WPA2_PSK,25/11/2025 08:48,11,2462,-80,19.539766,-96.918732,1434.5,1.5,,,WIFI
ac:84:c6:ed:6b:10,Sucursal-Telleria,WPA2_PSK,25/11/2025 08:48,9,2452,-81,19.539766,-96.918732,1434.5,1.5,,,WIFI
4a:43:5a:0e:66:1f,Club_Totalplay_WiFi,OPEN,25/11/2025 08:48,11,2462,-84,19.539766,-96.918732,1434.5,1.5,,,WIFI
ec:a1:d1:88:0f:94,Totalplay-52AA,WPA2_PSK,25/11/2025 08:48,8,2447,-85,19.539766,-96.918732,1434.5,1.5,,,WIFI
6c:16:32:07:f5:d4,INFINITUM7EA3_2.4,WPA2_PSK,25/11/2025 08:48,3,2422,-86,19.539766,-96.918732,1434.5,1.5,,,WIFI
ac:99:29:ed:6d:e4,Totalplay-DCAD,WPA2_PSK,25/11/2025 08:48,2,2417,-88,19.539766,-96.918732,1434.5,1.5,,,WIFI
c6:eb:ff:36:e8:cc,Club_Totalplay_WiFi,OPEN,25/11/2025 08:48,6,2437,-92,19.539766,-96.918732,1434.5,1.5,,,WIFI
e8:f6:54:b8:f7:78,INFINITUM22AE,WPA2_PSK,25/11/2025 08:48,11,2462,-71,19.539879,-96.918785,1434.430054,1.5,,,WIFI
3c:a3:7e:7f:34:5c,Totalplay-B5AA ,WPA_WPA2_PSK,25/11/2025 08:48,5,2432,-78,19.539879,-96.918785,1434.430054,1.5,,,WIFI
1c:b9:c4:71:b8:a9,*.HyundaiHerramientas.*,OPEN,25/11/2025 08:48,9,2452,-78,19.539879,-96.918785,1434.430054,1.5,,,WIFI
48:43:5a:0e:66:1c,Total12345_2.4Gnormal_2.4Gnormal,WPA_WPA2_PSK,25/11/2025 08:48,11,2462,-78,19.539879,-96.918785,1434.430054,1.5,,,WIFI
ce:22:26:3c:74:30,myChevrolet _8943,WPA2_PSK,25/11/2025 08:48,1,2412,-79,19.539879,-96.918785,1434.430054,1.5,,,WIFI
48:bd:4a:e8:81:dc,Casa,WPA2_PSK,25/11/2025 08:48,11,2462,-79,19.539879,-96.918785,1434.430054,1.5,,,WIFI
1c:b9:c4:31:b8:a9,*.WifiFree TVCD.*,OPEN,25/11/2025 08:48,9,2452,-81,19.539879,-96.918785,1434.430054,1.5,,,WIFI
1c:b9:c4:31:b8:a8,..izzi WiFi,OPEN,25/11/2025 08:48,9,2452,-83,19.539879,-96.918785,1434.430054,1.5,,,WIFI
38:eb:47:76:8e:e4,Totalplay-B6A3,WPA2_PSK,25/11/2025 08:48,4,2427,-84,19.539879,-96.918785,1434.430054,1.5,,,WIFI
30:e9:8e:47:be:5c,MEGACABLE-53A1,WPA2_PSK,25/11/2025 08:48,11,2462,-84,19.539879,-96.918785,1434.430054,1.5,,,WIFI
ec:8c:a2:68:c4:a9,*.HyundaiHerramientas.*,OPEN,25/11/2025 08:48,2,2417,-87,19.539879,-96.918785,1434.430054,1.5,,,WIFI
88:66:39:08:3d:00,Totalplay-F395,WPA_WPA2_PSK,25/11/2025 08:48,6,2437,-88,19.539879,-96.918785,1434.430054,1.5,,,WIFI
fc:1b:d1:59:a0:1c,MEGACABLE-2.4G-8DA3,WPA2_PSK,25/11/2025 08:48,5,2432,-89,19.539879,-96.918785,1434.430054,1.5,,,WIFI
a4:08:f5:06:6e:00,TOTALPLAY_066E00,WPA2_PSK,25/11/2025 08:48,11,2462,-74,19.5399,-96.918861,1434.540039,1.5,,,WIFI
ca:2c:4f:ad:c6:ba,HiSmart-01-ca2c4fadc6ba,OPEN,25/11/2025 08:48,3,2422,-79,19.5399,-96.918861,1434.540039,1.5,,,WIFI
60:22:32:5b:99:e5,UMAEX,WPA2_PSK,25/11/2025 08:48,1,2412,-83,19.5399,-96.918861,1434.540039,1.5,,,WIFI
fc:1b:d1:58:93:d4,MEGACABLE-2.4G-C5A3,WPA2_PSK,25/11/2025 08:48,3,2422,-83,19.5399,-96.918861,1434.540039,1.5,,,WIFI
f4:fb:b8:db:4a:27,Club_Totalplay_WiFi,OPEN,25/11/2025 08:48,9,2452,-83,19.5399,-96.918861,1434.540039,1.5,,,WIFI
a8:0b:fb:49:d0:34,*.WifiFree TVCD.*,OPEN,25/11/2025 08:48,10,2457,-83,19.5399,-96.918861,1434.540039,1.5,,,WIFI
a8:0b:fb:49:d0:35,*.HyundaiHerramientas.*,OPEN,25/11/2025 08:48,10,2457,-84,19.5399,-96.918861,1434.540039,1.5,,,WIFI
ca:2c:4f:ac:17:b8,HiSmart-01-ca2c4fac17b8,OPEN,25/11/2025 08:48,3,2422,-85,19.5399,-96.918861,1434.540039,1.5,,,WIFI
d4:01:68:a3:d4:50,Totalplay-2.4G-d450,WPA2_PSK,25/11/2025 08:48,6,2437,-88,19.5399,-96.918861,1434.540039,1.5,,,WIFI
94:fe:9d:df:5f:99,INFINITUM6AD4_2.4,WPA2_PSK,25/11/2025 08:48,1,2412,-68,19.540188,-96.919418,1435.47998,1.5,,,WIFI
f4:fb:b8:db:4a:24,Totalplay-ABAD_2.4G,WPA_WPA2_PSK,25/11/2025 08:48,9,2452,-68,19.540188,-96.919418,1435.47998,1.5,,,WIFI
cc:05:77:a0:8f:4c,casaprincipal,WPA2_PSK,25/11/2025 08:48,5,2432,-70,19.540188,-96.919418,1435.47998,1.5,,,WIFI
c6:5e:5c:ea:b4:1b,Club_Totalplay_WiFi,OPEN,25/11/2025 08:48,8,2447,-72,19.540188,-96.919418,1435.47998,1.5,,,WIFI
c6:5e:5c:ea:b4:18,Totalplay-F2AF,WPA2_PSK,25/11/2025 08:48,8,2447,-73,19.540188,-96.919418,1435.47998,1.5,,,WIFI
ac:5e:14:43:37:48,INFINITUMCAB2,WPA2_PSK,25/11/2025 08:48,1,2412,-75,19.540188,-96.919418,1435.47998,1.5,,,WIFI
cc:32:e5:ca:cf:af,INFINITUM33AVG80,WPA_WPA2_PSK,25/11/2025 08:48,9,2452,-78,19.540188,-96.919418,1435.47998,1.5,,,WIFI
e4:83:26:d7:95:d4,INFINITUM7BA4_2.4,WPA2_PSK,25/11/2025 08:48,6,2437,-83,19.540188,-96.919418,1435.47998,1.5,,,WIFI
50:0f:f5:18:1d:41,Steren COM-852,WPA_WPA2_PSK,25/11/2025 08:48,11,2462,-86,19.540188,-96.919418,1435.47998,1.5,,,WIFI
60:22:32:5b:9c:21,UMAEX,WPA2_PSK,25/11/2025 08:48,11,2462,-92,19.540188,-96.919418,1435.47998,1.5,,,WIFI
c4:eb:ff:86:e8:cc,Totalplay-4AC9,WPA2_PSK,25/11/2025 08:49,6,2437,-67,19.540148,-96.919907,1435.369995,1.5,,,WIFI
6c:49:a6:fb:7a:01,Totalplay-2.4G-7A00,WPA_WPA2_PSK,25/11/2025 08:49,11,2462,-71,19.540148,-96.919907,1435.369995,1.5,,,WIFI
94:e3:ee:49:2a:b4,Megacable_2.4G_2AB4,WPA_WPA2_PSK,25/11/2025 08:49,3,2422,-72,19.540148,-96.919907,1435.369995,1.5,,,WIFI
7c:1c:f1:63:9d:6c,MEGACABLE-239E,WPA2_PSK,25/11/2025 08:49,11,2462,-74,19.540148,-96.919907,1435.369995,1.5,,,WIFI
10:08:1d:b3:55:69,Club_Totalplay_WiFi,OPEN,25/11/2025 08:49,1,2412,-75,19.540148,-96.919907,1435.369995,1.5,,,WIFI
10:08:1d:b3:55:68,Totalplay__9A2_2.4G,WPA_WPA2_PSK,25/11/2025 08:49,1,2412,-75,19.540148,-96.919907,1435.369995,1.5,,,WIFI
a4:bd:c4:81:6e:fc,TP_GJYHL12_2.4Gnormal,WPA2_PSK,25/11/2025 08:49,7,2442,-79,19.540148,-96.919907,1435.369995,1.5,,,WIFI
bc:47:32:42:dd:c8,Totalplay-2.4G-ddc8,WPA2_PSK,25/11/2025 08:49,11,2462,-79,19.540148,-96.919907,1435.369995,1.5,,,WIFI
98:a9:42:03:1a:59,bluetele1A59,WPA2_PSK,25/11/2025 08:49,6,2437,-82,19.540148,-96.919907,1435.369995,1.5,,,WIFI
fc:1b:d1:58:df:54,MEGACABLE-2.4G-36A3,WPA2_PSK,25/11/2025 08:49,11,2462,-82,19.540148,-96.919907,1435.369995,1.5,,,WIFI
30:de:4b:05:c3:8a,TP-Link_C38A,WPA2_PSK,25/11/2025 08:49,3,2422,-87,19.540148,-96.919907,1435.369995,1.5,,,WIFI
30:67:a1:91:59:65,TOTALPLAY_915960_2.4G,WPA2_PSK,25/11/2025 08:49,1,2412,-88,19.540148,-96.919907,1435.369995,1.5,,,WIFI
ec:8c:a2:68:c4:a9,*.HyundaiHerramientas.*,OPEN,25/11/2025 08:49,2,2417,-89,19.540148,-96.919907,1435.369995,1.5,,,WIFI
50:88:c7:11:26:2f,INFINITUMBA0A,WPA2_PSK,25/11/2025 08:49,11,2462,-60,19.540295,-96.920395,1443.27002,1.5,,,WIFI
bc:47:32:44:36:d8,Totalplay-2.4G-36d8,WPA2_PSK,25/11/2025 08:49,11,2462,-68,19.540295,-96.920395,1443.27002,1.5,,,WIFI
f4:b7:8d:47:70:48,ANDAMIOS METALICOS ARELLANO,WPA2_PSK,25/11/2025 08:49,10,2457,-69,19.540295,-96.920395,1443.27002,1.5,,,WIFI
bc:47:32:44:36:d9,Club_Totalplay_WiFi,OPEN,25/11/2025 08:49,11,2462,-70,19.540295,-96.920395,1443.27002,1.5,,,WIFI
c4:eb:ff:36:52:92,INFINITUM76D4,WPA2_PSK,25/11/2025 08:49,1,2412,-71,19.540295,-96.920395,1443.27002,1.5,,,WIFI
34:ea:e7:1b:0a:c8,AT0323_AccessPoint,WPA2_PSK,25/11/2025 08:49,6,2437,-76,19.540295,-96.920395,1443.27002,1.5,,,WIFI
1c:b9:c4:71:b8:a8,*.MegacableWiFi.*,OPEN,25/11/2025 08:49,9,2452,-77,19.540295,-96.920395,1443.27002,1.5,,,WIFI
30:e9:8e:49:10:70,MEGACABLE-36A1,WPA2_PSK,25/11/2025 08:49,5,2432,-78,19.540295,-96.920395,1443.27002,1.5,,,WIFI
06:70:56:c9:69:29,INFINITUM53AB,WPA2_PSK,25/11/2025 08:49,7,2442,-82,19.540295,-96.920395,1443.27002,1.5,,,WIFI
ac:4f:65:b3:60:d1,Totalplay-2.4G-60D0,WPA_WPA2_PSK,25/11/2025 08:49,1,2412,-83,19.540295,-96.920395,1443.27002,1.5,,,WIFI
b4:0f:3b:d5:43:f0,Tenda_D543F0,OPEN,25/11/2025 08:49,3,2422,-90,19.540295,-96.920395,1443.27002,1.5,,,WIFI
bc:d2:06:a3:08:c4,INFINITUM89B5,WPA2_PSK,25/11/2025 08:49,11,2462,-70,19.540434,-96.920784,1453.560059,1.5,,,WIFI
1c:b9:c4:31:b8:a8,..izzi WiFi,OPEN,25/11/2025 08:49,9,2452,-60,19.540478,-96.920898,1457.380005,1.5,,,WIFI
1c:b9:c4:71:b8:a9,*.HyundaiHerramientas.*,OPEN,25/11/2025 08:49,9,2452,-61,19.540478,-96.920898,1457.380005,1.5,,,WIFI
1c:b9:c4:31:b8:a9,*.WifiFree TVCD.*,OPEN,25/11/2025 08:49,9,2452,-63,19.540478,-96.920898,1457.380005,1.5,,,WIFI
6c:49:a6:ec:eb:c1,Totalplay-2.4G-EBC0,WPA_WPA2_PSK,25/11/2025 08:49,1,2412,-70,19.540478,-96.920898,1457.380005,1.5,,,WIFI
3c:52:a1:85:88:6b,TP-Link_886B,WPA2_PSK,25/11/2025 08:49,4,2427,-73,19.540478,-96.920898,1457.380005,1.5,,,WIFI
d4:01:45:05:5d:20,INFINITUMD8DD,WPA2_PSK,25/11/2025 08:49,1,2412,-76,19.540478,-96.920898,1457.380005,1.5,,,WIFI
30:e9:8e:bd:1b:90,MEGACABLE-99A1,WPA2_PSK,25/11/2025 08:49,3,2422,-78,19.540478,-96.920898,1457.380005,1.5,,,WIFI
ce:22:26:3c:74:30,myChevrolet _8943,WPA2_PSK,25/11/2025 08:49,1,2412,-82,19.540478,-96.920898,1457.380005,1.5,,,WIFI
6c:5a:b0:9d:91:19,TP-Link_911A,WPA2_PSK,25/11/2025 08:49,6,2437,-82,19.540478,-96.920898,1457.380005,1.5,,,WIFI
10:08:1d:d3:f9:a8,ISPreparatoria1,WPA2_PSK,25/11/2025 08:49,1,2412,-90,19.540478,-96.920898,1457.380005,1.5,,,WIFI
c2:25:2f:2f:b1:7e,Familia ,WPA2_PSK,25/11/2025 08:49,4,2427,-89,19.540478,-96.920898,1457.380005,1.5,,,WIFI
ac:4f:65:b4:25:01,Totalplay-2.4G-2500,WPA_WPA2_PSK,25/11/2025 08:49,6,2437,-76,19.540503,-96.920944,1456.73999,1.5,,,WIFI
e8:de:27:3d:02:7a,TP-LINK_3D027A,OPEN,25/11/2025 08:49,6,2437,-81,19.540503,-96.920944,1456.73999,1.5,,,WIFI
c4:a4:02:1e:65:30,INFINITUM32A5_2.4,WPA2_PSK,25/11/2025 08:49,3,2422,-88,19.540503,-96.920944,1456.73999,1.5,,,WIFI
c0:94:ad:b7:21:0a,Totalplay-3CAD,WPA2_PSK,25/11/2025 08:49,6,2437,-88,19.540503,-96.920944,1456.73999,1.5,,,WIFI
b2:a4:f0:4a:be:ec,Semillas Oficinas,WPA2_PSK,25/11/2025 08:49,11,2462,-90,19.540503,-96.920944,1456.73999,1.5,,,WIFI
48:12:58:f7:b4:93,Club_Totalplay_WiFi,OPEN,25/11/2025 08:49,10,2457,-93,19.540503,-96.920944,1456.73999,1.5,,,WIFI
64:ee:b7:2c:dd:90,INFINITUM9962_2.4,WPA2_PSK,25/11/2025 08:49,8,2447,-86,19.540558,-96.921074,1457.530029,1.5,,,WIFI
1c:b9:c4:71:b8:a8,*.MegacableWiFi.*,OPEN,25/11/2025 08:49,9,2452,-58,19.540627,-96.921242,1460.330078,1.5,,,WIFI
d8:32:14:c5:7f:51,Steren COM-852,OPEN,25/11/2025 08:49,13,2472,-76,19.540728,-96.921432,1461.640015,1.5,,,WIFI
10:32:2c:8e:8e:be,Car-10322C8E8EBE,WPA2_PSK,25/11/2025 08:49,1,2412,-89,19.540728,-96.921432,1461.640015,1.5,,,WIFI
84:d8:1b:13:4d:4e,FAMRAMHDEZ_N,WPA2_PSK,25/11/2025 08:49,4,2427,-92,19.540728,-96.921432,1461.640015,1.5,,,WIFI
1c:b9:c4:31:b8:a8,..izzi WiFi,OPEN,25/11/2025 08:49,9,2452,-63,19.540789,-96.921585,1463.130005,1.5,,,WIFI
1c:b9:c4:71:b8:a9,*.HyundaiHerramientas.*,OPEN,25/11/2025 08:49,9,2452,-66,19.540789,-96.921585,1463.130005,1.5,,,WIFI
1c:b9:c4:31:b8:a9,*.WifiFree TVCD.*,OPEN,25/11/2025 08:49,9,2452,-69,19.540789,-96.921585,1463.130005,1.5,,,WIFI
6c:16:32:07:e1:0c,INFINITUM45A3_2.4,WPA2_PSK,25/11/2025 08:49,11,2462,-73,19.540789,-96.921585,1463.130005,1.5,,,WIFI
ce:22:26:3c:74:30,myChevrolet _8943,WPA2_PSK,25/11/2025 08:49,1,2412,-79,19.540789,-96.921585,1463.130005,1.5,,,WIFI
24:2f:d0:2b:b9:88,Mega_2.4G_749A_EXT,WPA_WPA2_PSK,25/11/2025 08:49,5,2432,-82,19.540789,-96.921585,1463.130005,1.5,,,WIFI
58:d3:12:96:74:9a,Mega_2.4G_749A,WPA_WPA2_PSK,25/11/2025 08:49,5,2432,-82,19.540789,-96.921585,1463.130005,1.5,,,WIFI
6c:d8:19:f1:6c:39,Club_Totalplay_WiFi,OPEN,25/11/2025 08:49,1,2412,-87,19.540789,-96.921585,1463.130005,1.5,,,WIFI
e8:48:b8:d2:d6:7e,Zar Carlos 2,WPA2_PSK,25/11/2025 08:49,9,2452,-87,19.540789,-96.921585,1463.130005,1.5,,,WIFI
a0:31:db:68:c4:68,INFINITUMC3B1,WPA2_PSK,25/11/2025 08:49,6,2437,-88,19.540789,-96.921585,1463.130005,1.5,,,WIFI
6c:d8:19:f1:6c:38,MIGUEL ALEMAN 4,WPA2_PSK,25/11/2025 08:49,1,2412,-90,19.540789,-96.921585,1463.130005,1.5,,,WIFI
2c:05:47:9e:93:bf,70mai_M300_93bf,WPA_WPA2_PSK,25/11/2025 08:49,6,2437,-90,19.540789,-96.921585,1463.130005,1.5,,,WIFI
68:4a:ae:b1:e1:dc,Totalplay-8CA0,WPA2_PSK,25/11/2025 08:49,9,2452,-90,19.540789,-96.921585,1463.130005,1.5,,,WIFI
a4:7c:c9:df:bb:ec,Totalplay-23A8,WPA2_PSK,25/11/2025 08:49,10,2457,-90,19.540789,-96.921585,1463.130005,1.5,,,WIFI
3c:52:a1:85:88:6b,TP-Link_886B,WPA2_PSK,25/11/2025 08:49,4,2427,-91,19.540789,-96.921585,1463.130005,1.5,,,WIFI
d8:32:14:c6:5c:e1,Sala de TV,WPA_WPA2_PSK,25/11/2025 08:49,4,2427,-91,19.540789,-96.921585,1463.130005,1.5,,,WIFI
7c:d1:c3:cf:33:22,CARVER,WPA2_PSK,25/11/2025 08:49,11,2462,-91,19.540789,-96.921585,1463.130005,1.5,,,WIFI
d8:32:14:c5:7f:81,Recámara 1,WPA_WPA2_PSK,25/11/2025 08:49,8,2447,-84,19.540789,-96.921585,1463.130005,1.5,,,WIFI
86:2a:fd:75:b8:d0,DIRECT-d0-HP M15 LaserJet,WPA2_PSK,25/11/2025 08:49,6,2437,-87,19.540789,-96.921585,1463.130005,1.5,,,WIFI
ec:c0:1b:52:7b:a0,INFINITUMC3B1,WPA2_PSK,25/11/2025 08:49,3,2422,-91,19.540789,-96.921585,1463.130005,1.5,,,WIFI
78:8a:20:2a:ab:10,ARSPS,WPA2_PSK,25/11/2025 08:49,11,2462,-85,19.540796,-96.921585,1462.369995,1.5,,,WIFI
d4:01:45:05:5d:20,INFINITUMD8DD,WPA2_PSK,25/11/2025 08:49,1,2412,-86,19.540796,-96.921585,1462.369995,1.5,,,WIFI
6e:71:d2:80:09:98,Mega-2.4G-9CB1,WPA2_WPA3_PSK,25/11/2025 08:49,11,2462,-89,19.540796,-96.921585,1462.369995,1.5,,,WIFI
48:96:d9:29:f6:b2,Mega_2.4G_F6B2,WPA_WPA2_PSK,25/11/2025 08:49,8,2447,-91,19.540796,-96.921585,1462.369995,1.5,,,WIFI
1c:b9:c4:71:b8:a8,*.MegacableWiFi.*,OPEN,25/11/2025 08:50,9,2452,-69,19.54084,-96.921745,1465.670044,1.5,,,WIFI
74:83:c2:b7:bf:3a,ARSPS,WPA2_PSK,25/11/2025 08:50,11,2462,-84,19.54084,-96.921745,1465.670044,1.5,,,WIFI
4c:f5:5b:51:02:8c,INFINITUME5A3_2.4,WPA2_PSK,25/11/2025 08:50,1,2412,-90,19.54084,-96.921745,1465.670044,1.5,,,WIFI
c4:44:7d:78:99:18,TOTALPLAY,WPA2_PSK,25/11/2025 08:50,8,2447,-91,19.54084,-96.921745,1465.670044,1.5,,,WIFI
30:e9:8e:49:ff:e4,MEGACABLE-4CA1,WPA2_PSK,25/11/2025 08:50,10,2457,-81,19.54084,-96.921745,1465.670044,1.5,,,WIFI
a8:0b:fb:49:73:41,*.MegacableWiFi.*,OPEN,25/11/2025 08:50,4,2427,-84,19.54084,-96.921745,1465.670044,1.5,,,WIFI
a8:0b:fb:49:73:44,*.WifiFree TVCD.*,OPEN,25/11/2025 08:50,4,2427,-86,19.54084,-96.921745,1465.670044,1.5,,,WIFI
a8:0b:fb:49:73:45,*.HyundaiHerramientas.*,OPEN,25/11/2025 08:50,4,2427,-86,19.54084,-96.921745,1465.670044,1.5,,,WIFI
78:8a:20:2a:ab:37,ARSPS,WPA2_PSK,25/11/2025 08:50,6,2437,-88,19.54084,-96.921745,1465.670044,1.5,,,WIFI
64:db:f7:a6:24:e9,Megacable-24E0,WPA2_PSK,25/11/2025 08:50,1,2412,-89,19.54084,-96.921745,1465.670044,1.5,,,WIFI
50:4e:dc:a8:f6:e8,INFINITUM5C3C_2.4,WPA2_PSK,25/11/2025 08:50,1,2412,-89,19.54084,-96.921745,1465.670044,1.5,,,WIFI
c4:d4:38:72:b9:bf,Club_Totalplay_WiFi,OPEN,25/11/2025 08:50,10,2457,-89,19.54084,-96.921745,1465.670044,1.5,,,WIFI
8c:7a:15:72:d0:58,*.MegacableWiFi.*,OPEN,25/11/2025 08:50,10,2457,-90,19.54084,-96.921745,1465.670044,1.5,,,WIFI
1c:b9:c4:31:b8:a8,..izzi WiFi,OPEN,25/11/2025 08:50,9,2452,-75,19.54084,-96.921745,1465.670044,1.5,,,WIFI
1c:b9:c4:31:b8:a9,*.WifiFree TVCD.*,OPEN,25/11/2025 08:50,9,2452,-80,19.54084,-96.921745,1465.670044,1.5,,,WIFI
d8:32:14:c5:7f:51,Steren COM-852,OPEN,25/11/2025 08:50,13,2472,-80,19.54084,-96.921745,1465.670044,1.5,,,WIFI
24:2f:d0:2b:b9:88,Mega_2.4G_749A_EXT,WPA_WPA2_PSK,25/11/2025 08:50,5,2432,-83,19.54084,-96.921745,1465.670044,1.5,,,WIFI
68:4a:ae:b1:e1:dc,Totalplay-8CA0,WPA2_PSK,25/11/2025 08:50,9,2452,-85,19.54084,-96.921745,1465.670044,1.5,,,WIFI
6c:16:32:07:e1:0c,INFINITUM45A3_2.4,WPA2_PSK,25/11/2025 08:50,11,2462,-85,19.54084,-96.921745,1465.670044,1.5,,,WIFI
7c:d1:c3:cf:33:22,CARVER,WPA2_PSK,25/11/2025 08:50,11,2462,-85,19.54084,-96.921745,1465.670044,1.5,,,WIFI
ec:8c:a2:28:88:d9,*.WifiFree TVCD.*,OPEN,25/11/2025 08:50,1,2412,-92,19.54084,-96.921745,1465.670044,1.5,,,WIFI
ec:8c:a2:68:88:d9,*.HyundaiHerramientas.*,OPEN,25/11/2025 08:50,1,2412,-92,19.54084,-96.921745,1465.670044,1.5,,,WIFI
58:d3:12:96:74:9a,Mega_2.4G_749A,WPA_WPA2_PSK,25/11/2025 08:50,5,2432,-92,19.54084,-96.921745,1465.670044,1.5,,,WIFI
a4:7c:c9:df:bb:ec,Totalplay-23A8,WPA2_PSK,25/11/2025 08:50,10,2457,-92,19.54084,-96.921745,1465.670044,1.5,,,WIFI
86:2a:fd:75:b8:d0,DIRECT-d0-HP M15 LaserJet,WPA2_PSK,25/11/2025 08:50,6,2437,-74,19.54084,-96.921745,1465.670044,1.5,,,WIFI
1c:b9:c4:71:b8:a9,*.HyundaiHerramientas.*,OPEN,25/11/2025 08:50,9,2452,-79,19.54084,-96.921745,1465.670044,1.5,,,WIFI
28:87:ba:29:65:13,TP-Link_6513,WPA2_PSK,25/11/2025 08:50,3,2422,-89,19.54084,-96.921745,1465.670044,1.5,,,WIFI
78:c5:7d:c2:2b:e1,INFINITUM3962,WPA2_PSK,25/11/2025 08:50,6,2437,-90,19.54084,-96.921745,1465.670044,1.5,,,WIFI
f0:81:75:3b:ef:04,RED_MARY,WPA2_PSK,25/11/2025 08:50,6,2437,-95,19.54084,-96.921745,1465.670044,1.5,,,WIFI
2c:05:47:9e:93:bf,70mai_M300_93bf,WPA_WPA2_PSK,25/11/2025 08:50,6,2437,-73,19.54084,-96.921745,1465.670044,1.5,,,WIFI
1c:b9:c4:31:b8:a9,*.WifiFree TVCD.*,OPEN,25/11/2025 08:50,9,2452,-76,19.54084,-96.921745,1465.670044,1.5,,,WIFI
6c:d8:19:f1:6c:38,MIGUEL ALEMAN 4,WPA2_PSK,25/11/2025 08:50,1,2412,-88,19.54084,-96.921745,1465.670044,1.5,,,WIFI
6c:d8:19:f1:6c:39,Club_Totalplay_WiFi,OPEN,25/11/2025 08:50,1,2412,-88,19.54084,-96.921745,1465.670044,1.5,,,WIFI
ec:c0:1b:52:7b:a0,INFINITUMC3B1,WPA2_PSK,25/11/2025 08:50,3,2422,-89,19.54084,-96.921745,1465.670044,1.5,,,WIFI
76:84:0c:ef:63:ed,Galaxy A13 B23C,WPA2_PSK,25/11/2025 08:50,6,2437,-90,19.54084,-96.921745,1465.670044,1.5,,,WIFI
c4:d4:38:72:b9:bc,Totalplay-A2AB,WPA2_PSK,25/11/2025 08:50,10,2457,-90,19.54084,-96.921745,1465.670044,1.5,,,WIFI
50:02:38:36:dc:19,INFINITUM0F6F,WPA2_PSK,25/11/2025 08:50,1,2412,-92,19.54084,-96.921745,1465.670044,1.5,,,WIFI
1c:b9:c4:31:b8:a8,..izzi WiFi,OPEN,25/11/2025 08:50,9,2452,-72,19.54084,-96.921745,1465.670044,1.5,,,WIFI
4c:f5:5b:51:02:38,INFINITUME0A3_2.4,WPA2_PSK,25/11/2025 08:50,4,2427,-77,19.54084,-96.921745,1465.670044,1.5,,,WIFI
d0:c6:5b:23:b5:14,MEGACABLE-FD9F,WPA2_PSK,25/11/2025 08:50,10,2457,-88,19.54084,-96.921745,1465.670044,1.5,,,WIFI
44:a3:c7:29:0c:c8,INFINITUM3585_2.4,WPA2_PSK,25/11/2025 08:50,6,2437,-90,19.54084,-96.921745,1465.670044,1.5,,,WIFI
1c:b9:c4:71:b8:a8,*.MegacableWiFi.*,OPEN,25/11/2025 08:50,9,2452,-75,19.54084,-96.921745,1465.670044,1.5,,,WIFI
6e:71:d2:80:09:98,Mega-2.4G-9CB1,WPA2_WPA3_PSK,25/11/2025 08:50,11,2462,-83,19.54084,-96.921745,1465.670044,1.5,,,WIFI
30:e9:8e:49:ff:e4,MEGACABLE-4CA1,WPA2_PSK,25/11/2025 08:50,10,2457,-85,19.54084,-96.921745,1465.670044,1.5,,,WIFI
74:83:c2:b7:bd:67,ARSPS,WPA2_PSK,25/11/2025 08:50,6,2437,-88,19.54084,-96.921745,1465.670044,1.5,,,WIFI
dc:8d:b7:d4:4f:e0,INFINITUME089,WPA2_PSK,25/11/2025 08:50,8,2447,-89,19.54084,-96.921745,1465.670044,1.5,,,WIFI
6c:16:32:07:e1:0c,INFINITUM45A3_2.4,WPA2_PSK,25/11/2025 08:50,11,2462,-86,19.54084,-96.921745,1465.670044,1.5,,,WIFI
24:2f:d0:2b:b9:88,Mega_2.4G_749A_EXT,WPA_WPA2_PSK,25/11/2025 08:50,5,2432,-75,19.54084,-96.921745,1465.670044,1.5,,,WIFI
86:2a:fd:75:b8:d0,DIRECT-d0-HP M15 LaserJet,WPA2_PSK,25/11/2025 08:50,6,2437,-75,19.54084,-96.921745,1465.670044,1.5,,,WIFI
d8:32:14:c5:7f:51,Steren COM-852,OPEN,25/11/2025 08:50,13,2472,-80,19.54084,-96.921745,1465.670044,1.5,,,WIFI
1c:61:b4:9a:89:42,Casa,WPA2_PSK,25/11/2025 08:50,4,2427,-85,19.54084,-96.921745,1465.670044,1.5,,,WIFI
a8:0b:fb:49:73:45,*.HyundaiHerramientas.*,OPEN,25/11/2025 08:50,4,2427,-88,19.54084,-96.921745,1465.670044,1.5,,,WIFI
c4:d4:38:72:b9:bf,Club_Totalplay_WiFi,OPEN,25/11/2025 08:50,10,2457,-92,19.54084,-96.921745,1465.670044,1.5,,,WIFI
a4:7c:c9:df:bb:ec,Totalplay-23A8,WPA2_PSK,25/11/2025 08:50,10,2457,-93,19.54084,-96.921745,1465.670044,1.5,,,WIFI
1c:b9:c4:31:b8:a9,*.WifiFree TVCD.*,OPEN,25/11/2025 08:51,9,2452,-73,19.540882,-96.921791,1465.290039,1.5,,,WIFI
74:83:c2:b7:bf:3a,ARSPS,WPA2_PSK,25/11/2025 08:51,11,2462,-81,19.540882,-96.921791,1465.290039,1.5,,,WIFI
2c:05:47:9e:93:bf,70mai_M300_93bf,WPA_WPA2_PSK,25/11/2025 08:51,6,2437,-82,19.540882,-96.921791,1465.290039,1.5,,,WIFI
64:db:f7:a6:24:e9,Megacable-24E0,WPA2_PSK,25/11/2025 08:51,1,2412,-87,19.540882,-96.921791,1465.290039,1.5,,,WIFI
90:75:bc:da:7b:39,INFINITUMBEF0,WPA2_PSK,25/11/2025 08:51,11,2462,-87,19.540882,-96.921791,1465.290039,1.5,,,WIFI
1c:b9:c4:31:b8:a8,..izzi WiFi,OPEN,25/11/2025 08:51,9,2452,-74,19.540962,-96.922035,1471.130005,1.5,,,WIFI
4c:f5:5b:51:02:38,INFINITUME0A3_2.4,WPA2_PSK,25/11/2025 08:51,4,2427,-89,19.540962,-96.922035,1471.130005,1.5,,,WIFI
1c:b9:c4:71:b8:a9,*.HyundaiHerramientas.*,OPEN,25/11/2025 08:51,9,2452,-69,19.541065,-96.92215,1469.219971,1.5,,,WIFI
1c:b9:c4:71:b8:a8,*.MegacableWiFi.*,OPEN,25/11/2025 08:51,9,2452,-71,19.541065,-96.92215,1469.219971,1.5,,,WIFI
ec:8c:a2:68:88:d9,*.HyundaiHerramientas.*,OPEN,25/11/2025 08:51,1,2412,-78,19.541065,-96.92215,1469.219971,1.5,,,WIFI
ec:8c:a2:28:88:d9,*.WifiFree TVCD.*,OPEN,25/11/2025 08:51,1,2412,-80,19.541065,-96.92215,1469.219971,1.5,,,WIFI
da:10:68:61:7a:2e,My VW 9662,WPA2_PSK,25/11/2025 08:51,6,2437,-81,19.541065,-96.92215,1469.219971,1.5,,,WIFI
d0:c6:5b:24:c2:dc,MEGACABLE-269F,WPA2_PSK,25/11/2025 08:51,7,2442,-85,19.541065,-96.92215,1469.219971,1.5,,,WIFI
3c:52:a1:c4:c2:ae,MORROSOFT,WPA2_PSK,25/11/2025 08:51,8,2447,-88,19.541065,-96.92215,1469.219971,1.5,,,WIFI
a8:0b:fb:49:73:41,*.MegacableWiFi.*,OPEN,25/11/2025 08:51,4,2427,-90,19.541065,-96.92215,1469.219971,1.5,,,WIFI
ee:5c:84:e4:00:31,My VW 0477,WPA2_PSK,25/11/2025 08:51,6,2437,-91,19.541065,-96.92215,1469.219971,1.5,,,WIFI
ae:75:1d:78:76:df,Club_Totalplay_WiFi,OPEN,25/11/2025 08:51,1,2412,-92,19.541065,-96.92215,1469.219971,1.5,,,WIFI
22:8c:86:9d:2d:b4,Totalplay-9AB4,WPA2_PSK,25/11/2025 08:51,10,2457,-63,19.541113,-96.922234,1467.420044,1.5,,,WIFI
14:22:33:9b:32:30,DELUXEBARBER_2.4Gnormal,WPA2_PSK,25/11/2025 08:51,7,2442,-68,19.541113,-96.922234,1467.420044,1.5,,,WIFI
b8:d6:f6:fb:95:00,INFINITUM12AC,WPA2_PSK,25/11/2025 08:51,11,2462,-68,19.541113,-96.922234,1467.420044,1.5,,,WIFI
50:4e:dc:a8:f6:e8,INFINITUM5C3C_2.4,WPA2_PSK,25/11/2025 08:51,1,2412,-71,19.541113,-96.922234,1467.420044,1.5,,,WIFI
74:83:c2:9a:19:e7,ARSPS,WPA2_PSK,25/11/2025 08:51,11,2462,-73,19.541113,-96.922234,1467.420044,1.5,,,WIFI
fe:bc:d1:a8:2e:4b,Club_Totalplay_WiFi,OPEN,25/11/2025 08:51,10,2457,-82,19.541113,-96.922234,1467.420044,1.5,,,WIFI
4c:f5:5b:51:02:8c,INFINITUME5A3_2.4,WPA2_PSK,25/11/2025 08:51,1,2412,-83,19.541113,-96.922234,1467.420044,1.5,,,WIFI
1c:61:b4:9a:89:36,Casa,WPA2_PSK,25/11/2025 08:51,4,2427,-83,19.541113,-96.922234,1467.420044,1.5,,,WIFI
68:4a:ae:b1:e1:dc,Totalplay-8CA0,WPA2_PSK,25/11/2025 08:51,9,2452,-87,19.541113,-96.922234,1467.420044,1.5,,,WIFI
fc:bc:d1:a8:2e:48,Mictlantecuh_2.4Gnormal,WPA_WPA2_PSK,25/11/2025 08:51,10,2457,-87,19.541113,-96.922234,1467.420044,1.5,,,WIFI
28:41:c6:fd:64:60,INFINITUM079E_2.4,WPA2_PSK,25/11/2025 08:51,1,2412,-88,19.541113,-96.922234,1467.420044,1.5,,,WIFI
f0:81:75:3b:e2:f1,TOTALPLAY_3BE2F1,WPA2_PSK,25/11/2025 08:51,6,2437,-91,19.541113,-96.922234,1467.420044,1.5,,,WIFI
78:b4:6a:58:c1:e4,INFINITUMAEA2_2.4,WPA2_PSK,25/11/2025 08:51,9,2452,-91,19.541113,-96.922234,1467.420044,1.5,,,WIFI
74:83:c2:9a:14:0a,ARSPS,WPA2_PSK,25/11/2025 08:51,6,2437,-69,19.541142,-96.922318,1463.910034,1.5,,,WIFI
dc:8d:b7:a1:f4:b0,INFINITUMBB66,WPA2_PSK,25/11/2025 08:51,11,2462,-70,19.541142,-96.922318,1463.910034,1.5,,,WIFI
78:8a:20:2a:b2:7e,ARSPS,WPA2_PSK,25/11/2025 08:51,6,2437,-74,19.541142,-96.922318,1463.910034,1.5,,,WIFI
e4:a8:b6:bc:7f:00,KatisaAmericas,WPA_WPA2_PSK,25/11/2025 08:51,5,2432,-75,19.541142,-96.922318,1463.910034,1.5,,,WIFI
74:83:c2:b7:bd:67,ARSPS,WPA2_PSK,25/11/2025 08:51,6,2437,-75,19.541142,-96.922318,1463.910034,1.5,,,WIFI
ec:4d:47:b5:f0:24,Totalplay-1656,WPA_WPA2_PSK,25/11/2025 08:51,10,2457,-75,19.541142,-96.922318,1463.910034,1.5,,,WIFI
7e:57:58:b3:f3:02,DIRECT-02-HP M111 LaserJet,WPA2_PSK,25/11/2025 08:51,6,2437,-76,19.541142,-96.922318,1463.910034,1.5,,,WIFI
c4:34:6b:09:a2:5f,HP-Print-5F-Deskjet 5520 series,OPEN,25/11/2025 08:51,6,2437,-82,19.541142,-96.922318,1463.910034,1.5,,,WIFI
74:83:c2:b7:bf:b9,ARSPS,WPA2_PSK,25/11/2025 08:51,6,2437,-69,19.541142,-96.922318,1463.910034,1.5,,,WIFI
78:8a:20:2a:ab:10,ARSPS,WPA2_PSK,25/11/2025 08:51,11,2462,-70,19.541142,-96.922318,1463.910034,1.5,,,WIFI
14:09:dc:cc:b1:64,Totalplay-9A9C,WPA_WPA2_PSK,25/11/2025 08:51,1,2412,-74,19.541142,-96.922318,1463.910034,1.5,,,WIFI
78:8a:20:2a:ab:37,ARSPS,WPA2_PSK,25/11/2025 08:51,6,2437,-76,19.541142,-96.922318,1463.910034,1.5,,,WIFI
90:16:ba:bd:4b:48,Totalplay-45A5_2.4Gnormal,WPA2_PSK,25/11/2025 08:51,3,2422,-82,19.541142,-96.922318,1463.910034,1.5,,,WIFI
bc:47:32:09:0c:f9,Club_Totalplay_WiFi,OPEN,25/11/2025 08:51,1,2412,-86,19.541142,-96.922318,1463.910034,1.5,,,WIFI
d8:32:14:c5:7f:51,Steren COM-852,OPEN,25/11/2025 08:51,13,2472,-90,19.541142,-96.922318,1463.910034,1.5,,,WIFI
6c:49:a6:f8:96:81,Totalplay-2.4G-9680,WPA_WPA2_PSK,25/11/2025 08:51,1,2412,-91,19.541142,-96.922318,1463.910034,1.5,,,WIFI
16:09:dc:cc:b1:67,Club_Totalplay_WiFi,OPEN,25/11/2025 08:51,1,2412,-68,19.54117,-96.922363,1461.359985,1.5,,,WIFI
d0:6e:de:b6:41:21,TOTALPLAY_B64121,WPA2_PSK,25/11/2025 08:51,6,2437,-76,19.54117,-96.922363,1461.359985,1.5,,,WIFI
74:83:c2:9a:11:e9,ARSPS,WPA2_PSK,25/11/2025 08:51,6,2437,-78,19.54117,-96.922363,1461.359985,1.5,,,WIFI
34:a2:a2:1e:2d:dc,Totalplay-2C9E,WPA2_PSK,25/11/2025 08:51,9,2452,-78,19.54117,-96.922363,1461.359985,1.5,,,WIFI
74:83:c2:9a:11:e7,ARSPS,WPA2_PSK,25/11/2025 08:51,6,2437,-81,19.54117,-96.922363,1461.359985,1.5,,,WIFI
86:2a:fd:75:b8:d0,DIRECT-d0-HP M15 LaserJet,WPA2_PSK,25/11/2025 08:51,6,2437,-84,19.54117,-96.922363,1461.359985,1.5,,,WIFI
78:8a:20:2a:b3:3a,ARSPS,WPA2_PSK,25/11/2025 08:51,6,2437,-60,19.54125,-96.922592,1470.800049,1.5,,,WIFI
bc:47:32:09:0c:f8,Totalplay-2.4G-0cf8,WPA2_PSK,25/11/2025 08:51,1,2412,-76,19.54125,-96.922592,1470.800049,1.5,,,WIFI
1c:b9:c4:31:b8:a9,*.WifiFree TVCD.*,OPEN,25/11/2025 08:51,9,2452,-78,19.54125,-96.922592,1470.800049,1.5,,,WIFI
64:9d:f3:1a:8e:c8,Totalplay-2.4G-8ec8,WPA2_PSK,25/11/2025 08:51,11,2462,-79,19.54125,-96.922592,1470.800049,1.5,,,WIFI
1c:b9:c4:71:b8:a8,*.MegacableWiFi.*,OPEN,25/11/2025 08:51,9,2452,-80,19.54125,-96.922592,1470.800049,1.5,,,WIFI
5c:c0:a0:b3:6d:b5,Club_Totalplay_WiFi,OPEN,25/11/2025 08:51,7,2442,-86,19.54125,-96.922592,1470.800049,1.5,,,WIFI
1c:61:b4:9a:89:42,Casa,WPA2_PSK,25/11/2025 08:51,4,2427,-89,19.54125,-96.922592,1470.800049,1.5,,,WIFI
28:de:e5:98:9b:50,Totalplay-A0A3,WPA2_PSK,25/11/2025 08:51,11,2462,-89,19.54125,-96.922592,1470.800049,1.5,,,WIFI
ea:f6:54:32:bc:0c,Mega-2.4G-91AE,WPA2_WPA3_PSK,25/11/2025 08:51,2,2417,-75,19.541317,-96.922752,1468.810059,1.5,,,WIFI
68:e2:09:16:0f:80,Totalplay-DCA5,WPA2_PSK,25/11/2025 08:51,10,2457,-75,19.541317,-96.922752,1468.810059,1.5,,,WIFI
30:37:b3:fa:f1:3c,INFINITUMFEAE,WPA2_PSK,25/11/2025 08:51,11,2462,-82,19.541317,-96.922752,1468.810059,1.5,,,WIFI
b2:a4:f0:4a:c5:40,Totalplay-B8B5,WPA2_PSK,25/11/2025 08:51,1,2412,-84,19.541317,-96.922752,1468.810059,1.5,,,WIFI
70:c7:f2:6c:de:ec,Totalplay-469E,WPA_WPA2_PSK,25/11/2025 08:51,5,2432,-85,19.541317,-96.922752,1468.810059,1.5,,,WIFI
30:e9:8e:bd:29:80,MEGACABLE-6BA1,WPA2_PSK,25/11/2025 08:51,5,2432,-86,19.541317,-96.922752,1468.810059,1.5,,,WIFI
cc:b1:82:b4:cf:e8,Totalplay-C3A7,WPA2_PSK,25/11/2025 08:51,7,2442,-86,19.541317,-96.922752,1468.810059,1.5,,,WIFI
b0:fe:e5:2b:d9:b8,Mobbitrips,WPA2_PSK,25/11/2025 08:51,1,2412,-87,19.541317,-96.922752,1468.810059,1.5,,,WIFI
b0:fe:e5:fb:d9:bd,Mobbitrips_Wi-Fi5,WPA2_PSK,25/11/2025 08:51,1,2412,-87,19.541317,-96.922752,1468.810059,1.5,,,WIFI
7e:00:4d:32:fe:6c,Mega-2.4G-A9AD,WPA2_WPA3_PSK,25/11/2025 08:51,4,2427,-88,19.541317,-96.922752,1468.810059,1.5,,,WIFI
fc:73:fb:93:0b:94,MEGACABLE-2.4G-DAA6,WPA2_PSK,25/11/2025 08:51,7,2442,-88,19.541317,-96.922752,1468.810059,1.5,,,WIFI
a0:09:2e:34:cb:6b,Mega_2.4G_CB6B,WPA_WPA2_PSK,25/11/2025 08:51,11,2462,-88,19.541317,-96.922752,1468.810059,1.5,,,WIFI
98:3f:60:6d:d1:1c,HUAWEI-Kq2n,OPEN,25/11/2025 08:51,4,2427,-89,19.541317,-96.922752,1468.810059,1.5,,,WIFI
ac:4f:65:a2:63:71,Totalplay-2.4G-6370,WPA_WPA2_PSK,25/11/2025 08:51,1,2412,-93,19.541317,-96.922752,1468.810059,1.5,,,WIFI
50:0f:f5:d8:31:30,RVAdeptos,WPA_WPA2_PSK,25/11/2025 08:51,4,2427,-82,19.541357,-96.922867,1468.98999,1.5,,,WIFI
c4:a4:02:1e:4f:58,INFINITUME9A5_2.4,WPA2_PSK,25/11/2025 08:51,1,2412,-86,19.541357,-96.922867,1468.98999,1.5,,,WIFI
cc:b1:82:b4:cf:eb,Club_Totalplay_WiFi,OPEN,25/11/2025 08:51,7,2442,-86,19.541357,-96.922867,1468.98999,1.5,,,WIFI
72:c7:f2:6c:de:ef,Club_Totalplay_WiFi,OPEN,25/11/2025 08:51,5,2432,-89,19.541357,-96.922867,1468.98999,1.5,,,WIFI
00:16:78:bb:71:6c,INFINITUM2C9F_2.4-ext,WPA2_PSK,25/11/2025 08:51,6,2437,-89,19.541357,-96.922867,1468.98999,1.5,,,WIFI
00:31:92:08:ca:92,Loyverse ,WPA_WPA2_PSK,25/11/2025 08:51,10,2457,-91,19.541357,-96.922867,1468.98999,1.5,,,WIFI
6c:d8:19:f5:f7:f1,Club_Totalplay_WiFi,OPEN,25/11/2025 08:51,1,2412,-75,19.541357,-96.922867,1468.98999,1.5,,,WIFI
b0:5b:99:bd:2d:e5,TOTALPLAY-Mariel,WPA2_PSK,25/11/2025 08:51,1,2412,-79,19.541357,-96.922867,1468.98999,1.5,,,WIFI
3c:64:cf:d5:e0:a3,Totalplay-37A6_EXT,WPA2_PSK,25/11/2025 08:51,10,2457,-84,19.541357,-96.922867,1468.98999,1.5,,,WIFI
c4:34:6b:09:a2:5f,HP-Print-5F-Deskjet 5520 series,OPEN,25/11/2025 08:51,6,2437,-85,19.541357,-96.922867,1468.98999,1.5,,,WIFI
4a:12:58:5c:39:28,Mega-2.4G-C4AD,WPA2_WPA3_PSK,25/11/2025 08:51,11,2462,-85,19.541357,-96.922867,1468.98999,1.5,,,WIFI
50:d4:f7:66:82:42,Sensor Planta,WPA_WPA2_PSK,25/11/2025 08:51,7,2442,-86,19.541357,-96.922867,1468.98999,1.5,,,WIFI
50:c7:bf:58:43:52,Sensor Planta,WPA_WPA2_PSK,25/11/2025 08:51,7,2442,-89,19.541357,-96.922867,1468.98999,1.5,,,WIFI
ec:4d:47:b5:f0:24,Totalplay-1656,WPA_WPA2_PSK,25/11/2025 08:51,10,2457,-90,19.541357,-96.922867,1468.98999,1.5,,,WIFI
e0:3d:a6:a6:87:f5,INFINITUMF6FD,WPA2_PSK,25/11/2025 08:51,6,2437,-92,19.541357,-96.922867,1468.98999,1.5,,,WIFI
c4:fb:aa:7a:ad:d0,Totalplay-D7A8,WPA2_PSK,25/11/2025 08:51,7,2442,-92,19.541357,-96.922867,1468.98999,1.5,,,WIFI
74:83:c2:b7:bf:b9,ARSPS,WPA2_PSK,25/11/2025 08:51,6,2437,-72,19.541368,-96.922882,1469.160034,1.5,,,WIFI
28:68:d2:03:5c:f4,Totalplay-37A6,WPA2_PSK,25/11/2025 08:51,10,2457,-72,19.541368,-96.922882,1469.160034,1.5,,,WIFI
c4:eb:ff:86:6b:8c,Totalplay-35E9,WPA2_PSK,25/11/2025 08:51,6,2437,-81,19.541368,-96.922882,1469.160034,1.5,,,WIFI
74:83:c2:9a:11:e9,ARSPS,WPA2_PSK,25/11/2025 08:52,6,2437,-77,19.541403,-96.922981,1470.930054,1.5,,,WIFI
d0:6e:de:b6:41:21,TOTALPLAY_B64121,WPA2_PSK,25/11/2025 08:52,6,2437,-83,19.541403,-96.922981,1470.930054,1.5,,,WIFI
2e:1f:d3:5e:ae:86,MECHITA,WPA2_PSK,25/11/2025 08:55,1,2412,-75,19.543116,-96.927231,1457.320068,1.5,,,WIFI
14:49:20:62:d8:28,INFINITUMD5B1,WPA2_PSK,25/11/2025 08:55,6,2437,-76,19.543116,-96.927231,1457.320068,1.5,,,WIFI
2c:c5:d3:17:e8:59,*.WifiFree TVCD.*,OPEN,25/11/2025 08:55,8,2447,-76,19.543116,-96.927231,1457.320068,1.5,,,WIFI
2c:c5:d3:57:e8:58,*.MegacableWiFi.*,OPEN,25/11/2025 08:55,8,2447,-78,19.543116,-96.927231,1457.320068,1.5,,,WIFI
2c:c5:d3:57:e8:59,*.HyundaiHerramientas.*,OPEN,25/11/2025 08:55,8,2447,-79,19.543116,-96.927231,1457.320068,1.5,,,WIFI
4c:d6:29:d0:a4:2c,INFINITUMF2B0,WPA2_PSK,25/11/2025 08:55,11,2462,-80,19.543116,-96.927231,1457.320068,1.5,,,WIFI
20:5e:0d:21:ca:21,Totalplay-2.4G-CA20,WPA_WPA2_PSK,25/11/2025 08:55,3,2422,-81,19.543116,-96.927231,1457.320068,1.5,,,WIFI
2c:c5:d3:17:e8:58,..izzi WiFi,OPEN,25/11/2025 08:55,8,2447,-81,19.543116,-96.927231,1457.320068,1.5,,,WIFI
92:f9:b7:f2:fc:68,Mega-2.4G-59AE,WPA2_WPA3_PSK,25/11/2025 08:55,7,2442,-83,19.543116,-96.927231,1457.320068,1.5,,,WIFI
b6:fb:e3:95:fe:0b,WIFIBRG0012420d8699IPC14,WPA2_PSK,25/11/2025 08:55,14,2477,-83,19.543116,-96.927231,1457.320068,1.5,,,WIFI
a2:31:db:83:cb:6c,Mega-2.4G-9DB1,WPA2_WPA3_PSK,25/11/2025 08:55,11,2462,-85,19.543116,-96.927231,1457.320068,1.5,,,WIFI
a8:0b:fb:64:78:44,*.WifiFree TVCD.*,OPEN,25/11/2025 08:55,1,2412,-86,19.543116,-96.927231,1457.320068,1.5,,,WIFI
78:c5:7d:d0:2b:11,STANZA RECEPCION,WPA2_PSK,25/11/2025 08:55,11,2462,-86,19.543116,-96.927231,1457.320068,1.5,,,WIFI
9e:1c:37:9c:2a:95,WIFIBRG0012420d8699IPC152,WPA2_PSK,25/11/2025 08:55,14,2477,-86,19.543116,-96.927231,1457.320068,1.5,,,WIFI
a8:0b:fb:64:78:41,*.MegacableWiFi.*,OPEN,25/11/2025 08:55,1,2412,-88,19.543116,-96.927231,1457.320068,1.5,,,WIFI
e8:13:6e:d3:6d:6c,MEGACABLE-2.4G-EFA6,WPA2_PSK,25/11/2025 08:55,3,2422,-88,19.543116,-96.927231,1457.320068,1.5,,,WIFI
64:db:f7:8f:f7:f9,Megacable-F7F0,WPA2_PSK,25/11/2025 08:55,1,2412,-89,19.543116,-96.927231,1457.320068,1.5,,,WIFI
a0:44:5c:75:64:ec,MagicUnicorn,WPA2_PSK,25/11/2025 08:55,6,2437,-89,19.543116,-96.927231,1457.320068,1.5,,,WIFI
a8:0b:fb:64:78:45,*.HyundaiHerramientas.*,OPEN,25/11/2025 08:55,1,2412,-90,19.543116,-96.927231,1457.320068,1.5,,,WIFI
c2:68:cc:99:e4:43,INFINITUMAFFC,WPA2_PSK,25/11/2025 08:55,11,2462,-74,19.543013,-96.927376,1455.52002,1.5,,,WIFI
48:bd:4a:a8:f4:a4,Mega-2.4G-ACB1,WPA2_PSK,25/11/2025 08:55,5,2432,-76,19.543013,-96.927376,1455.52002,1.5,,,WIFI
84:3c:99:b0:e3:c5,Mega_2.4G_E3C5,WPA_WPA2_PSK,25/11/2025 08:55,11,2462,-79,19.543013,-96.927376,1455.52002,1.5,,,WIFI
f4:2d:06:85:85:d0,INFINITUM0E70,WPA2_PSK,25/11/2025 08:55,11,2462,-87,19.543013,-96.927376,1455.52002,1.5,,,WIFI
fa:b4:6a:c8:40:60,DIRECT-60-HP DeskJet 5200 series,WPA2_PSK,25/11/2025 08:55,6,2437,-88,19.543013,-96.927376,1455.52002,1.5,,,WIFI
a4:00:e2:ce:14:68,MEGACABLE-289F,WPA2_PSK,25/11/2025 08:55,8,2447,-89,19.543013,-96.927376,1455.52002,1.5,,,WIFI
f8:79:28:68:a3:9c,Mega_2.4G_A39C,WPA2_PSK,25/11/2025 08:55,8,2447,-82,19.542974,-96.927376,1454.540039,1.5,,,WIFI
8c:68:3a:2e:53:04,MEGACABLE-2.4G-58A3,WPA2_PSK,25/11/2025 08:55,10,2457,-82,19.542974,-96.927376,1454.540039,1.5,,,WIFI
a8:0b:fb:63:c6:74,*.WifiFree TVCD.*,OPEN,25/11/2025 08:55,8,2447,-89,19.542974,-96.927376,1454.540039,1.5,,,WIFI
0c:84:08:2b:14:b0,INFINITUMECB1,WPA2_PSK,25/11/2025 08:55,11,2462,-89,19.542974,-96.927376,1454.540039,1.5,,,WIFI
a8:0b:fb:63:c6:75,*.HyundaiHerramientas.*,OPEN,25/11/2025 08:55,8,2447,-90,19.542974,-96.927376,1454.540039,1.5,,,WIFI
30:fd:65:60:2c:c0,RED90,WPA2_PSK,25/11/2025 08:55,7,2442,-70,19.542944,-96.927361,1454.960083,1.5,,,WIFI
a2:09:e1:5e:8e:3b,Redmi 10C,WPA2_PSK,25/11/2025 08:55,11,2462,-78,19.542944,-96.927361,1454.960083,1.5,,,WIFI
f8:79:28:68:a7:ec,Mega_2.4G_A7EC,WPA2_PSK,25/11/2025 08:55,10,2457,-85,19.542944,-96.927361,1454.960083,1.5,,,WIFI
48:2c:d0:a1:d0:7c,MEGACABLE-2.4G-29A5,WPA2_PSK,25/11/2025 08:55,4,2427,-79,19.542944,-96.927361,1454.960083,1.5,,,WIFI
38:e3:c5:3a:89:41,INFINITUM3101_2.4,WPA2_PSK,25/11/2025 08:55,11,2462,-84,19.542944,-96.927361,1454.960083,1.5,,,WIFI
92:f9:b7:f2:fc:68,Mega-2.4G-59AE,WPA2_WPA3_PSK,25/11/2025 08:56,7,2442,-64,19.542944,-96.927361,1454.960083,1.5,,,WIFI
14:49:20:62:d8:28,INFINITUMD5B1,WPA2_PSK,25/11/2025 08:56,6,2437,-73,19.542944,-96.927361,1454.960083,1.5,,,WIFI
2e:1f:d3:5e:ae:86,MECHITA,WPA2_PSK,25/11/2025 08:56,1,2412,-79,19.542944,-96.927361,1454.960083,1.5,,,WIFI
50:91:e3:29:92:0f,X24panel_bomberos,WPA_WPA2_PSK,25/11/2025 08:56,1,2412,-83,19.542944,-96.927361,1454.960083,1.5,,,WIFI
d0:b6:6f:e0:d8:e4,INFINITUM5699,WPA2_PSK,25/11/2025 08:56,6,2437,-84,19.542944,-96.927361,1454.960083,1.5,,,WIFI
4c:d6:29:d0:a4:2c,INFINITUMF2B0,WPA2_PSK,25/11/2025 08:56,11,2462,-86,19.542944,-96.927361,1454.960083,1.5,,,WIFI
cc:05:77:63:46:40,Totalplay-6D9F,WPA2_PSK,25/11/2025 08:56,4,2427,-87,19.542944,-96.927361,1454.960083,1.5,,,WIFI
b8:85:7b:86:e4:90,INFINITUM91AF,WPA2_PSK,25/11/2025 08:56,11,2462,-88,19.542944,-96.927361,1454.960083,1.5,,,WIFI
30:c5:0f:d4:c3:30,CFE Internet,OPEN,25/11/2025 08:56,11,2462,-89,19.542944,-96.927361,1454.960083,1.5,,,WIFI
b6:fb:e3:95:fe:0b,WIFIBRG0012420d8699IPC14,WPA2_PSK,25/11/2025 08:56,14,2477,-89,19.542944,-96.927361,1454.960083,1.5,,,WIFI
cc:05:77:63:46:43,Club_Totalplay_WiFi,OPEN,25/11/2025 08:56,4,2427,-93,19.542944,-96.927361,1454.960083,1.5,,,WIFI
9e:1c:37:9c:2a:95,WIFIBRG0012420d8699IPC152,WPA2_PSK,25/11/2025 08:56,14,2477,-93,19.542944,-96.927361,1454.960083,1.5,,,WIFI
c2:68:cc:99:e4:43,INFINITUMAFFC,WPA2_PSK,25/11/2025 08:56,11,2462,-82,19.542936,-96.927345,1452.52002,1.5,,,WIFI
b0:4e:26:f3:fb:0e,INFINITUM3AA3_2.4,WPA_WPA2_PSK,25/11/2025 08:56,3,2422,-89,19.542936,-96.927345,1452.52002,1.5,,,WIFI
84:3c:99:b0:e3:c5,Mega_2.4G_E3C5,WPA_WPA2_PSK,25/11/2025 08:56,11,2462,-84,19.542913,-96.92733,1454.040039,1.5,,,WIFI
64:db:f7:8f:f7:f9,Megacable-F7F0,WPA2_PSK,25/11/2025 08:56,1,2412,-85,19.542913,-96.92733,1454.040039,1.5,,,WIFI
f4:2d:06:85:85:d0,INFINITUM0E70,WPA2_PSK,25/11/2025 08:56,11,2462,-88,19.542913,-96.92733,1454.040039,1.5,,,WIFI
1c:3b:f3:0f:d8:b9,Casa Ramirez,WPA2_PSK,25/11/2025 08:56,9,2452,-89,19.542913,-96.92733,1454.040039,1.5,,,WIFI
a0:44:5c:75:64:ec,MagicUnicorn,WPA2_PSK,25/11/2025 08:56,6,2437,-90,19.542913,-96.92733,1454.040039,1.5,,,WIFI
2c:c5:d3:57:e8:59,*.HyundaiHerramientas.*,OPEN,25/11/2025 08:56,8,2447,-93,19.542913,-96.92733,1454.040039,1.5,,,WIFI
48:bd:4a:a8:f4:a4,Mega-2.4G-ACB1,WPA2_PSK,25/11/2025 08:56,5,2432,-80,19.54287,-96.927315,1460.890015,1.5,,,WIFI
f8:79:28:68:a3:9c,Mega_2.4G_A39C,WPA2_PSK,25/11/2025 08:56,8,2447,-80,19.54287,-96.927315,1460.890015,1.5,,,WIFI
a2:31:db:83:cb:6c,Mega-2.4G-9DB1,WPA2_WPA3_PSK,25/11/2025 08:56,11,2462,-81,19.54287,-96.927315,1460.890015,1.5,,,WIFI
72:37:be:a6:ca:24,INFINITUM1989,WPA2_PSK,25/11/2025 08:56,1,2412,-83,19.54287,-96.927315,1460.890015,1.5,,,WIFI
a8:0b:fb:64:78:40,..izzi WiFi,OPEN,25/11/2025 08:56,1,2412,-85,19.54287,-96.927315,1460.890015,1.5,,,WIFI
78:c5:7d:d0:2b:11,STANZA RECEPCION,WPA2_PSK,25/11/2025 08:56,11,2462,-91,19.54287,-96.927315,1460.890015,1.5,,,WIFI
fc:73:fb:20:6c:30,CFE Internet,OPEN,25/11/2025 08:56,11,2462,-75,19.54283,-96.927277,1466.780029,1.5,,,WIFI
a8:0b:fb:64:78:44,*.WifiFree TVCD.*,OPEN,25/11/2025 08:56,1,2412,-77,19.54283,-96.927277,1466.780029,1.5,,,WIFI
a8:0b:fb:64:78:45,*.HyundaiHerramientas.*,OPEN,25/11/2025 08:56,1,2412,-78,19.54283,-96.927277,1466.780029,1.5,,,WIFI
3a:1a:52:f0:95:e4,DIRECT-j5-EPSON-L5290 Series,WPA2_PSK,25/11/2025 08:56,1,2412,-83,19.54283,-96.927277,1466.780029,1.5,,,WIFI
7e:00:4d:96:9a:40,Mega-2.4G-56AD,WPA2_WPA3_PSK,25/11/2025 08:56,11,2462,-86,19.54283,-96.927277,1466.780029,1.5,,,WIFI
44:d9:e7:09:62:a1,WCGCS,WPA_WPA2_PSK,25/11/2025 08:56,1,2412,-95,19.54283,-96.927277,1466.780029,1.5,,,WIFI
14:49:20:62:d8:28,INFINITUMD5B1,WPA2_PSK,25/11/2025 08:56,6,2437,-57,19.54281,-96.927261,1466.320068,1.5,,,WIFI
f8:79:28:68:b4:fa,STANZA AMERICAS,WPA2_PSK,25/11/2025 08:56,5,2432,-72,19.54281,-96.927261,1466.320068,1.5,,,WIFI
f8:79:28:68:aa:9e,Mega_2.4G_AA9E,WPA2_PSK,25/11/2025 08:56,3,2422,-75,19.54281,-96.927261,1466.320068,1.5,,,WIFI
a8:0b:fb:64:78:41,*.MegacableWiFi.*,OPEN,25/11/2025 08:56,1,2412,-85,19.54281,-96.927261,1466.320068,1.5,,,WIFI
92:f9:b7:f2:fc:68,Mega-2.4G-59AE,WPA2_WPA3_PSK,25/11/2025 08:56,7,2442,-88,19.54281,-96.927261,1466.320068,1.5,,,WIFI
0e:21:f3:b0:6f:1e,Redmi 10C,WPA2_PSK,25/11/2025 08:56,7,2442,-90,19.54281,-96.927261,1466.320068,1.5,,,WIFI
9e:1c:37:9c:2a:95,WIFIBRG0012420d8699IPC152,WPA2_PSK,25/11/2025 08:56,14,2477,-90,19.54281,-96.927261,1466.320068,1.5,,,WIFI
b6:fb:e3:95:fe:0b,WIFIBRG0012420d8699IPC14,WPA2_PSK,25/11/2025 08:56,14,2477,-91,19.54281,-96.927261,1466.320068,1.5,,,WIFI
30:c5:0f:d4:c3:30,CFE Internet,OPEN,25/11/2025 08:56,11,2462,-74,19.542671,-96.927231,1458.859985,1.5,,,WIFI
b0:4e:26:f3:fb:0e,INFINITUM3AA3_2.4,WPA_WPA2_PSK,25/11/2025 08:56,3,2422,-76,19.542671,-96.927231,1458.859985,1.5,,,WIFI
f8:79:28:68:b5:3c,Mega_2.4G_B53C,WPA2_PSK,25/11/2025 08:56,7,2442,-77,19.542671,-96.927231,1458.859985,1.5,,,WIFI
34:36:54:9d:fb:8c,Megacable_2.4G_FB8C,WPA_WPA2_PSK,25/11/2025 08:56,9,2452,-82,19.542671,-96.927231,1458.859985,1.5,,,WIFI
a4:00:e2:ce:14:68,MEGACABLE-289F,WPA2_PSK,25/11/2025 08:56,8,2447,-86,19.542671,-96.927231,1458.859985,1.5,,,WIFI
e6:d3:62:82:00:d7,V.E.,WPA2_WPA3_PSK,25/11/2025 08:56,9,2452,-86,19.542671,-96.927231,1458.859985,1.5,,,WIFI
d8:37:be:a6:ca:27,INFINITUMA36A_2.4,WPA2_PSK,25/11/2025 08:56,1,2412,-83,19.542601,-96.927177,1451.930054,1.5,,,WIFI
a8:6e:84:1a:07:9a,Rexa_Xalapa,WPA_WPA2_PSK,25/11/2025 08:56,6,2437,-87,19.542601,-96.927177,1451.930054,1.5,,,WIFI
84:3c:99:b0:e3:c5,Mega_2.4G_E3C5,WPA_WPA2_PSK,25/11/2025 08:56,11,2462,-87,19.542601,-96.927177,1451.930054,1.5,,,WIFI
48:2c:d0:a1:d0:7c,MEGACABLE-2.4G-29A5,WPA2_PSK,25/11/2025 08:56,4,2427,-88,19.542601,-96.927177,1451.930054,1.5,,,WIFI
3c:64:cf:0d:84:63,F401,WPA2_PSK,25/11/2025 08:56,4,2427,-92,19.542601,-96.927177,1451.930054,1.5,,,WIFI
74:8e:f8:88:2e:c1,REDINV,WPA_WPA2_PSK,25/11/2025 08:56,1,2412,-93,19.542601,-96.927177,1451.930054,1.5,,,WIFI
a8:0b:fb:64:78:40,..izzi WiFi,OPEN,25/11/2025 08:56,1,2412,-65,19.542572,-96.9272,1447.02002,1.5,,,WIFI
72:37:be:a6:ca:24,INFINITUM1989,WPA2_PSK,25/11/2025 08:56,1,2412,-81,19.542572,-96.9272,1447.02002,1.5,,,WIFI
20:5e:0d:21:c1:41,Totalplay-2.4G-CTWO140,WPA_WPA2_PSK,25/11/2025 08:56,5,2432,-87,19.542572,-96.9272,1447.02002,1.5,,,WIFI
ec:75:0c:56:e3:3a,Comex Av Xalapa_EXT,WPA2_PSK,25/11/2025 08:56,11,2462,-87,19.542572,-96.9272,1447.02002,1.5,,,WIFI
d4:35:38:6b:fd:da,INFINITUM4A83_plus,WPA_WPA2_PSK,25/11/2025 08:56,11,2462,-89,19.542572,-96.9272,1447.02002,1.5,,,WIFI
b8:85:7b:85:24:88,INFINITUM36AF,WPA2_PSK,25/11/2025 08:56,1,2412,-90,19.542572,-96.9272,1447.02002,1.5,,,WIFI
a8:54:a2:2c:db:30,INFINITUM0673,WPA2_PSK,25/11/2025 08:56,1,2412,-91,19.542572,-96.9272,1447.02002,1.5,,,WIFI
a8:0b:fb:64:78:45,*.HyundaiHerramientas.*,OPEN,25/11/2025 08:56,1,2412,-69,19.542475,-96.927177,1443.400024,1.5,,,WIFI
a8:0b:fb:64:78:44,*.WifiFree TVCD.*,OPEN,25/11/2025 08:56,1,2412,-71,19.542475,-96.927177,1443.400024,1.5,,,WIFI
fc:73:fb:20:6c:30,CFE Internet,OPEN,25/11/2025 08:56,11,2462,-72,19.542475,-96.927177,1443.400024,1.5,,,WIFI
f8:79:28:68:a3:9c,Mega_2.4G_A39C,WPA2_PSK,25/11/2025 08:56,8,2447,-78,19.542475,-96.927177,1443.400024,1.5,,,WIFI
30:b5:c2:8f:49:aa,no es gratis perra!!!,WPA2_PSK,25/11/2025 08:56,6,2437,-85,19.542475,-96.927177,1443.400024,1.5,,,WIFI
e0:97:96:b8:e8:20,MXConectado-E,OPEN,25/11/2025 08:56,6,2437,-85,19.542475,-96.927177,1443.400024,1.5,,,WIFI
30:de:4b:05:d2:fa,STANZA A1,WPA2_PSK,25/11/2025 08:56,2,2417,-89,19.542475,-96.927177,1443.400024,1.5,,,WIFI
50:4e:dc:b8:f4:00,INFINITUM9AC7_2.4,WPA2_PSK,25/11/2025 08:56,11,2462,-90,19.542475,-96.927177,1443.400024,1.5,,,WIFI
64:db:f7:8f:f7:f9,Megacable-F7F0,WPA2_PSK,25/11/2025 08:56,1,2412,-80,19.542416,-96.927147,1441.52002,1.5,,,WIFI
a8:0b:fb:63:ea:51,*.MegacableWiFi.*,OPEN,25/11/2025 08:56,8,2447,-84,19.542416,-96.927147,1441.52002,1.5,,,WIFI
a8:0b:fb:63:ea:55,*.HyundaiHerramientas.*,OPEN,25/11/2025 08:56,8,2447,-86,19.542416,-96.927147,1441.52002,1.5,,,WIFI
b8:85:7b:87:38:50,INFINITUM7EAF,WPA2_PSK,25/11/2025 08:56,6,2437,-89,19.542416,-96.927147,1441.52002,1.5,,,WIFI
a8:0b:fb:64:78:41,*.MegacableWiFi.*,OPEN,25/11/2025 08:57,1,2412,-54,19.542368,-96.927147,1440.280029,1.5,,,WIFI
b4:b0:24:0f:e9:7c,EQF_XALAPA_OF,WPA_WPA2_PSK,25/11/2025 08:57,3,2422,-89,19.542368,-96.927147,1440.280029,1.5,,,WIFI
30:c5:0f:d4:c3:30,CFE Internet,OPEN,25/11/2025 08:57,11,2462,-58,19.54232,-96.927116,1440.150024,1.5,,,WIFI
34:36:54:9d:fb:8c,Megacable_2.4G_FB8C,WPA_WPA2_PSK,25/11/2025 08:57,9,2452,-72,19.54232,-96.927116,1440.150024,1.5,,,WIFI
b0:4e:26:f3:fb:0e,INFINITUM3AA3_2.4,WPA_WPA2_PSK,25/11/2025 08:57,3,2422,-80,19.54232,-96.927116,1440.150024,1.5,,,WIFI
f8:79:28:68:b5:3c,Mega_2.4G_B53C,WPA2_PSK,25/11/2025 08:57,7,2442,-85,19.54232,-96.927116,1440.150024,1.5,,,WIFI
0e:21:f3:b0:6f:1e,Redmi 10C,WPA2_PSK,25/11/2025 08:57,7,2442,-80,19.542255,-96.927101,1439.390015,1.5,,,WIFI
74:8e:f8:88:2e:c0,REDCC,WPA_WPA2_PSK,25/11/2025 08:57,1,2412,-83,19.542255,-96.927101,1439.390015,1.5,,,WIFI
04:a2:22:47:96:16,INFINITUM2B8B_2.4,WPA2_PSK,25/11/2025 08:57,1,2412,-91,19.542255,-96.927101,1439.390015,1.5,,,WIFI
a8:0b:fb:64:78:40,..izzi WiFi,OPEN,25/11/2025 08:57,1,2412,-55,19.542173,-96.927032,1446.359985,1.5,,,WIFI
80:8d:b7:60:90:c3,CAELI,WPA2_ENTERPRISE,25/11/2025 08:57,6,2437,-75,19.542173,-96.927032,1446.359985,1.5,,,WIFI
80:8d:b7:53:b6:64,eduroam,WPA2_ENTERPRISE,25/11/2025 08:57,1,2412,-78,19.542173,-96.927032,1446.359985,1.5,,,WIFI
70:18:8b:69:70:8f,HP-Print-8F-LaserJet 1102,OPEN,25/11/2025 08:57,6,2437,-78,19.542173,-96.927032,1446.359985,1.5,,,WIFI
80:8d:b7:53:b6:62,RIUV_INVITADO,OPEN,25/11/2025 08:57,1,2412,-79,19.542173,-96.927032,1446.359985,1.5,,,WIFI
80:8d:b7:60:90:c2,RIUV_INVITADO,OPEN,25/11/2025 08:57,6,2437,-79,19.542173,-96.927032,1446.359985,1.5,,,WIFI
80:8d:b7:60:90:c4,eduroam,WPA2_ENTERPRISE,25/11/2025 08:57,6,2437,-79,19.542173,-96.927032,1446.359985,1.5,,,WIFI
80:8d:b7:60:90:c0,RIUV,OPEN,25/11/2025 08:57,6,2437,-80,19.542173,-96.927032,1446.359985,1.5,,,WIFI
30:fd:65:5f:bc:a8,INFINITUM06A2_2.4,WPA2_PSK,25/11/2025 08:57,8,2447,-80,19.542173,-96.927032,1446.359985,1.5,,,WIFI
74:8e:f8:88:2e:c1,REDINV,WPA_WPA2_PSK,25/11/2025 08:57,1,2412,-82,19.542173,-96.927032,1446.359985,1.5,,,WIFI
e8:9f:80:05:3f:36,Oficina,WPA2_PSK,25/11/2025 08:57,9,2452,-84,19.542173,-96.927032,1446.359985,1.5,,,WIFI
a8:0b:fb:64:78:44,*.WifiFree TVCD.*,OPEN,25/11/2025 08:57,1,2412,-54,19.542173,-96.927032,1446.359985,1.5,,,WIFI
a8:0b:fb:64:78:45,*.HyundaiHerramientas.*,OPEN,25/11/2025 08:57,1,2412,-55,19.542173,-96.927032,1446.359985,1.5,,,WIFI
fc:73:fb:20:6c:30,CFE Internet,OPEN,25/11/2025 08:57,11,2462,-65,19.542173,-96.927032,1446.359985,1.5,,,WIFI
a8:54:a2:2c:db:30,INFINITUM0673,WPA2_PSK,25/11/2025 08:57,1,2412,-71,19.542173,-96.927032,1446.359985,1.5,,,WIFI
c2:35:32:a1:5d:0d,ASP3-7238,WPA2_PSK,25/11/2025 08:57,11,2462,-75,19.542173,-96.927032,1446.359985,1.5,,,WIFI
20:a6:cd:f3:d9:80,RIUV,OPEN,25/11/2025 08:57,1,2412,-82,19.542173,-96.927032,1446.359985,1.5,,,WIFI
20:a6:cd:f3:d9:81,RIUV_INVITADO,OPEN,25/11/2025 08:57,1,2412,-84,19.542173,-96.927032,1446.359985,1.5,,,WIFI
30:b5:c2:8f:49:aa,no es gratis perra!!!,WPA2_PSK,25/11/2025 08:57,6,2437,-84,19.542173,-96.927032,1446.359985,1.5,,,WIFI
6c:16:32:08:68:50,INFINITUM3AA3_2.4,WPA2_PSK,25/11/2025 08:57,3,2422,-88,19.542173,-96.927032,1446.359985,1.5,,,WIFI
72:37:be:a6:ca:24,INFINITUM1989,WPA2_PSK,25/11/2025 08:57,1,2412,-89,19.542173,-96.927032,1446.359985,1.5,,,WIFI
6c:49:a6:e9:b8:21,Totalplay-2.4G-B820,WPA_WPA2_PSK,25/11/2025 08:57,2,2417,-89,19.542173,-96.927032,1446.359985,1.5,,,WIFI
a8:0b:fb:64:78:41,*.MegacableWiFi.*,OPEN,25/11/2025 08:57,1,2412,-48,19.542042,-96.926956,1432.160034,1.5,,,WIFI
30:c5:0f:d4:c3:30,CFE Internet,OPEN,25/11/2025 08:57,11,2462,-55,19.542042,-96.926956,1432.160034,1.5,,,WIFI
90:4c:81:e7:b2:42,eduroam,WPA2_ENTERPRISE,25/11/2025 08:57,11,2462,-75,19.542042,-96.926956,1432.160034,1.5,,,WIFI
90:4c:81:e7:b2:43,CAELI,WPA2_ENTERPRISE,25/11/2025 08:57,11,2462,-75,19.542042,-96.926956,1432.160034,1.5,,,WIFI
90:4c:81:e7:b2:41,RIUV_INVITADO,OPEN,25/11/2025 08:57,11,2462,-76,19.542042,-96.926956,1432.160034,1.5,,,WIFI
20:a6:cd:f3:d9:82,eduroam,WPA2_ENTERPRISE,25/11/2025 08:57,1,2412,-78,19.542042,-96.926956,1432.160034,1.5,,,WIFI
f0:61:c0:fc:d8:23,RIUV,OPEN,25/11/2025 08:57,6,2437,-78,19.542042,-96.926956,1432.160034,1.5,,,WIFI
90:4c:81:e7:b2:40,RIUV,OPEN,25/11/2025 08:57,11,2462,-78,19.542042,-96.926956,1432.160034,1.5,,,WIFI
f0:61:c0:fc:d8:21,eduroam,WPA2_ENTERPRISE,25/11/2025 08:57,6,2437,-79,19.542042,-96.926956,1432.160034,1.5,,,WIFI
f0:61:c0:fc:d8:22,CAELI,WPA2_ENTERPRISE,25/11/2025 08:57,6,2437,-79,19.542042,-96.926956,1432.160034,1.5,,,WIFI
f0:61:c0:fc:d8:20,RIUV_INVITADO,OPEN,25/11/2025 08:57,6,2437,-79,19.542042,-96.926956,1432.160034,1.5,,,WIFI
ec:75:0c:56:e3:3a,Comex Av Xalapa_EXT,WPA2_PSK,25/11/2025 08:57,11,2462,-79,19.542042,-96.926956,1432.160034,1.5,,,WIFI
3c:64:cf:0d:84:63,F401,WPA2_PSK,25/11/2025 08:57,4,2427,-81,19.542042,-96.926956,1432.160034,1.5,,,WIFI
50:4e:dc:b8:f4:00,INFINITUM9AC7_2.4,WPA2_PSK,25/11/2025 08:57,11,2462,-81,19.542042,-96.926956,1432.160034,1.5,,,WIFI
34:36:54:9d:fb:8c,Megacable_2.4G_FB8C,WPA_WPA2_PSK,25/11/2025 08:57,9,2452,-72,19.541895,-96.926956,1441.140015,1.5,,,WIFI
90:4c:81:e5:f0:81,RIUV_INVITADO,OPEN,25/11/2025 08:57,1,2412,-80,19.541895,-96.926956,1441.140015,1.5,,,WIFI
74:8e:f8:88:2e:c0,REDCC,WPA_WPA2_PSK,25/11/2025 08:57,1,2412,-80,19.541895,-96.926956,1441.140015,1.5,,,WIFI
20:a6:cd:f3:d9:83,CAELI,WPA2_ENTERPRISE,25/11/2025 08:57,1,2412,-81,19.541895,-96.926956,1441.140015,1.5,,,WIFI
b0:4e:26:f3:fb:0e,INFINITUM3AA3_2.4,WPA_WPA2_PSK,25/11/2025 08:57,3,2422,-81,19.541895,-96.926956,1441.140015,1.5,,,WIFI
a8:0b:fb:64:78:40,..izzi WiFi,OPEN,25/11/2025 08:57,1,2412,-50,19.541851,-96.926971,1440.090088,1.5,,,WIFI
0e:21:f3:b0:6f:1e,Redmi 10C,WPA2_PSK,25/11/2025 08:57,7,2442,-74,19.541851,-96.926971,1440.090088,1.5,,,WIFI
74:8e:f8:88:2e:c1,REDINV,WPA_WPA2_PSK,25/11/2025 08:57,1,2412,-76,19.541851,-96.926971,1440.090088,1.5,,,WIFI
80:3f:5d:cc:99:35,LISSOFTPANTALLA,WPA2_PSK,25/11/2025 08:57,6,2437,-77,19.541851,-96.926971,1440.090088,1.5,,,WIFI
e8:9f:80:05:3f:36,Oficina,WPA2_PSK,25/11/2025 08:57,9,2452,-77,19.541851,-96.926971,1440.090088,1.5,,,WIFI
80:8d:b7:53:b6:60,RIUV,OPEN,25/11/2025 08:57,1,2412,-80,19.541851,-96.926971,1440.090088,1.5,,,WIFI
a8:0b:fb:64:78:44,*.WifiFree TVCD.*,OPEN,25/11/2025 08:58,1,2412,-48,19.541679,-96.926933,1422.560059,1.5,,,WIFI
a8:0b:fb:64:78:45,*.HyundaiHerramientas.*,OPEN,25/11/2025 08:58,1,2412,-49,19.541679,-96.926933,1422.560059,1.5,,,WIFI
fc:73:fb:20:6c:30,CFE Internet,OPEN,25/11/2025 08:58,11,2462,-60,19.541679,-96.926933,1422.560059,1.5,,,WIFI
c2:35:32:a1:5d:0d,ASP3-7238,WPA2_PSK,25/11/2025 08:58,11,2462,-78,19.541679,-96.926933,1422.560059,1.5,,,WIFI
18:de:50:08:85:76,U-AC-8575,OPEN,25/11/2025 08:58,6,2437,-81,19.541679,-96.926933,1422.560059,1.5,,,WIFI
70:18:8b:69:70:8f,HP-Print-8F-LaserJet 1102,OPEN,25/11/2025 08:58,6,2437,-82,19.541679,-96.926933,1422.560059,1.5,,,WIFI
e0:97:96:b8:e8:20,MXConectado-E,OPEN,25/11/2025 08:58,6,2437,-82,19.541679,-96.926933,1422.560059,1.5,,,WIFI
90:4c:81:e5:f0:80,RIUV,OPEN,25/11/2025 08:58,1,2412,-84,19.541679,-96.926933,1422.560059,1.5,,,WIFI
b4:b0:24:0f:e9:7c,EQF_XALAPA_OF,WPA_WPA2_PSK,25/11/2025 08:58,3,2422,-84,19.541679,-96.926933,1422.560059,1.5,,,WIFI
